species,animal,habitat,sex,slope,site
barrenense,Etheostoma_barrenense_A,bedrock,M,-3.0004142547455697,BARR
barrenense,Etheostoma_barrenense_A,bedrock,M,-2.999978630333605,BARR
barrenense,Etheostoma_barrenense_A,bedrock,F,-3.4236823128993947,EFBR
barrenense,Etheostoma_barrenense_A,bedrock,F,-3.1991213096524813,EFBR
barrenense,Etheostoma_barrenense_A,bedrock,F,-3.3169655101339095,EFBR
barrenense,Etheostoma_barrenense_A,bedrock,F,-3.500663174343542,EFBR
barrenense,Etheostoma_barrenense_A,bedrock,F,-3.349251084959448,EFBR
barrenense,Etheostoma_barrenense_A,bedrock,F,-3.4540345293248316,EFBR
barrenense,Etheostoma_barrenense_A,bedrock,F,-3.3410401324646015,EFBR
barrenense,Etheostoma_barrenense_A,bedrock,F,-3.1933093207935954,EFBR
barrenense,Etheostoma_barrenense_A,bedrock,F,-3.5463050966914142,EFBR
barrenense,Etheostoma_barrenense_A,bedrock,F,-3.5859636780502964,EFBR
barrenense,Etheostoma_barrenense_A,bedrock,F,-3.707894873195657,EFBR
barrenense,Etheostoma_barrenense_A,bedrock,F,-3.717409381624085,EFBR
barrenense,Etheostoma_barrenense_A,bedrock,F,-3.581547552585691,EFBR
barrenense,Etheostoma_barrenense_A,bedrock,F,-3.734910750167375,EFBR
barrenense,Etheostoma_barrenense_A,bedrock,F,-3.027847271571163,EFBR
barrenense,Etheostoma_barrenense_A,bedrock,F,-3.165187742756401,EFBR
barrenense,Etheostoma_barrenense_A,bedrock,F,-3.2249749793744398,EFBR
barrenense,Etheostoma_barrenense_A,bedrock,F,-3.523554695356421,EFBR
barrenense,Etheostoma_barrenense_A,bedrock,F,-3.4875322313387596,EFBR
barrenense,Etheostoma_barrenense_A,bedrock,F,-3.296104458184844,EFBR
barrenense,Etheostoma_barrenense_A,bedrock,F,-3.1278063259539937,EFBR
barrenense,Etheostoma_barrenense_A,bedrock,F,-3.382216080918508,EFBR
barrenense,Etheostoma_barrenense_A,bedrock,F,-3.126997576067512,EFBR
barrenense,Etheostoma_barrenense_A,bedrock,F,-3.1665384720241807,EFBR
barrenense,Etheostoma_barrenense_A,bedrock,F,-3.4599715592833906,EFBR
barrenense,Etheostoma_barrenense_A,bedrock,F,-3.2640069527647726,EFBR
barrenense,Etheostoma_barrenense_A,bedrock,F,-3.6548542461304057,EFBR
barrenense,Etheostoma_barrenense_A,bedrock,F,-3.522405822908055,EFBR
barrenense,Etheostoma_barrenense_A,bedrock,F,-3.4444303788332755,EFBR
barrenense,Etheostoma_barrenense_A,bedrock,F,-3.3530679728043835,EFBR
barrenense,Etheostoma_barrenense_A,bedrock,F,-3.2462181688864074,EFBR
barrenense,Etheostoma_barrenense_A,bedrock,F,-3.020591743321379,EFBR
barrenense,Etheostoma_barrenense_A,bedrock,F,-3.521077691984239,EFBR
barrenense,Etheostoma_barrenense_A,bedrock,F,-3.5296274123957216,EFBR
barrenense,Etheostoma_barrenense_A,bedrock,F,-3.328091831207609,EFBR
barrenense,Etheostoma_barrenense_A,bedrock,F,-3.2885052878355108,EFBR
barrenense,Etheostoma_barrenense_A,bedrock,M,-3.190957292191016,EFBR
barrenense,Etheostoma_barrenense_A,bedrock,M,-3.1181107479938386,EFBR
barrenense,Etheostoma_barrenense_A,bedrock,M,-3.424298004955455,EFBR
barrenense,Etheostoma_barrenense_A,bedrock,M,-3.292283109256717,EFBR
barrenense,Etheostoma_barrenense_A,bedrock,M,-3.1255293045582984,EFBR
barrenense,Etheostoma_barrenense_A,bedrock,M,-3.285598619138921,EFBR
barrenense,Etheostoma_barrenense_A,bedrock,M,-3.3391999409497837,EFBR
barrenense,Etheostoma_barrenense_A,bedrock,M,-3.344757623411251,EFBR
barrenense,Etheostoma_barrenense_A,bedrock,M,-3.1087802100780904,EFBR
barrenense,Etheostoma_barrenense_A,bedrock,M,-2.9512013829970174,EFBR
barrenense,Etheostoma_barrenense_A,bedrock,M,-3.228829396837639,EFBR
barrenense,Etheostoma_barrenense_A,bedrock,M,-3.1837528075214983,EFBR
barrenense,Etheostoma_barrenense_A,bedrock,M,-3.0486081672388807,EFBR
barrenense,Etheostoma_barrenense_A,bedrock,M,-3.101191628628468,EFBR
barrenense,Etheostoma_barrenense_A,bedrock,M,-3.4503749252728366,EFBR
barrenense,Etheostoma_barrenense_A,bedrock,M,-3.2161194814796543,EFBR
barrenense,Etheostoma_barrenense_A,bedrock,M,-2.7298038760853127,EFBR
barrenense,Etheostoma_barrenense_A,bedrock,M,-3.1937419635589337,EFBR
barrenense,Etheostoma_barrenense_A,bedrock,M,-3.3602973190048484,EFBR
barrenense,Etheostoma_barrenense_A,bedrock,M,-3.376572521461409,EFBR
barrenense,Etheostoma_barrenense_A,bedrock,M,-2.906749071433112,EFBR
barrenense,Etheostoma_barrenense_A,bedrock,M,-3.248217111830188,EFBR
barrenense,Etheostoma_barrenense_A,bedrock,M,-3.342396294180362,EFBR
barrenense,Etheostoma_barrenense_A,bedrock,M,-3.3690555685627017,EFBR
barrenense,Etheostoma_barrenense_A,bedrock,F,-3.6509761176891122,LICK
barrenense,Etheostoma_barrenense_A,bedrock,F,-3.1902708429719793,LICK
barrenense,Etheostoma_barrenense_A,bedrock,F,-3.024325005149252,LICK
barrenense,Etheostoma_barrenense_A,bedrock,F,-3.039472372868,LICK
barrenense,Etheostoma_barrenense_A,bedrock,F,-3.1243137290594443,LICK
barrenense,Etheostoma_barrenense_A,bedrock,F,-3.3628807019663203,LICK
barrenense,Etheostoma_barrenense_A,bedrock,F,-3.3518816821626904,LICK
barrenense,Etheostoma_barrenense_A,bedrock,F,-3.297263715129805,LICK
barrenense,Etheostoma_barrenense_A,bedrock,F,-3.2717875594932533,LICK
barrenense,Etheostoma_barrenense_A,bedrock,F,-3.3650954491064504,LICK
barrenense,Etheostoma_barrenense_A,bedrock,F,-3.6517241679609738,LICK
barrenense,Etheostoma_barrenense_A,bedrock,F,-3.3675011046299574,LICK
barrenense,Etheostoma_barrenense_A,bedrock,F,-3.1940858967787524,LICK
barrenense,Etheostoma_barrenense_A,bedrock,F,-3.3877237025951397,LICK
barrenense,Etheostoma_barrenense_A,bedrock,F,-3.3968033377638522,LICK
barrenense,Etheostoma_barrenense_A,bedrock,F,-3.4995568868478224,LICK
barrenense,Etheostoma_barrenense_A,bedrock,F,-3.6157226193090684,LICK
barrenense,Etheostoma_barrenense_A,bedrock,F,-3.4195085369285096,LICK
barrenense,Etheostoma_barrenense_A,bedrock,F,-3.4442520632844835,LICK
barrenense,Etheostoma_barrenense_A,bedrock,F,-3.276133506266437,LICK
barrenense,Etheostoma_barrenense_A,bedrock,F,-3.2214988996178264,LICK
barrenense,Etheostoma_barrenense_A,bedrock,F,-3.118433200917011,LICK
barrenense,Etheostoma_barrenense_A,bedrock,F,-3.1804630215709975,LICK
barrenense,Etheostoma_barrenense_A,bedrock,F,-3.4794967591681343,LICK
barrenense,Etheostoma_barrenense_A,bedrock,M,-3.3317987658753325,LICK
barrenense,Etheostoma_barrenense_A,bedrock,M,-3.0944060967124667,LICK
barrenense,Etheostoma_barrenense_A,bedrock,M,-3.3154253358963484,LICK
barrenense,Etheostoma_barrenense_A,bedrock,M,-3.365556489673319,LICK
barrenense,Etheostoma_barrenense_A,bedrock,M,-2.916988066152209,LICK
barrenense,Etheostoma_barrenense_A,bedrock,M,-2.896051269695905,LICK
barrenense,Etheostoma_barrenense_A,bedrock,M,-3.053151145731704,LICK
barrenense,Etheostoma_barrenense_A,bedrock,M,-3.304432709923583,LICK
barrenense,Etheostoma_barrenense_A,bedrock,M,-3.0508998906618197,LICK
barrenense,Etheostoma_barrenense_A,bedrock,M,-3.0447270478734954,LICK
barrenense,Etheostoma_barrenense_A,bedrock,M,-3.357881622863521,LICK
barrenense,Etheostoma_barrenense_A,bedrock,M,-3.166731793876712,LICK
barrenense,Etheostoma_barrenense_A,bedrock,M,-3.5899617591820214,LICK
barrenense,Etheostoma_barrenense_A,bedrock,M,-3.056455734970266,LICK
barrenense,Etheostoma_barrenense_A,bedrock,M,-3.2365309431441682,LICK
barrenense,Etheostoma_barrenense_A,bedrock,M,-3.062459282338799,LICK
barrenense,Etheostoma_barrenense_A,bedrock,M,-3.086204437251932,LICK
barrenense,Etheostoma_barrenense_A,bedrock,M,-2.7730887680266325,LICK
barrenense,Etheostoma_barrenense_A,bedrock,M,-3.1608424077744166,LICK
barrenense,Etheostoma_barrenense_A,bedrock,M,-2.8432919996378123,LICK
barrenense,Etheostoma_barrenense_A,bedrock,M,-3.1090870254137313,LICK
barrenense,Etheostoma_barrenense_A,bedrock,M,-3.0747278553687103,LICK
barrenense,Etheostoma_barrenense_A,bedrock,M,-3.139007289580449,LICK
barrenense,Etheostoma_barrenense_A,bedrock,M,-3.2691727621780777,LICK
barrenense,Etheostoma_barrenense_A,bedrock,M,-3.015837942246597,LICK
barrenense,Etheostoma_barrenense_A,bedrock,M,-3.2191394864473484,LICK
barrenense,Etheostoma_barrenense_A,bedrock,M,-2.648941363898424,LICK
barrenense,Etheostoma_barrenense_A,bedrock,M,-2.9188289279198196,LICK
barrenense,Etheostoma_barrenense_A,bedrock,M,-3.154398711640129,LICK
barrenense,Etheostoma_barrenense_A,bedrock,M,-3.2395931040271493,LICK
barrenense,Etheostoma_barrenense_A,bedrock,M,-3.339139527617847,LICK
barrenense,Etheostoma_barrenense_A,bedrock,M,-3.5259459865866654,LICK
barrenense,Etheostoma_barrenense_A,bedrock,M,-3.006395291650497,LICK
barrenense,Etheostoma_barrenense_A,bedrock,M,-2.779320186516676,LICK
barrenense,Etheostoma_barrenense_A,bedrock,M,-3.047019296314425,LICK
barrenense,Etheostoma_barrenense_A,bedrock,M,-2.7800080359452988,LICK
barrenense,Etheostoma_barrenense_A,bedrock,F,-2.6100831875545234,TRCK
barrenense,Etheostoma_barrenense_A,bedrock,F,-2.2030945004663804,TRCK
barrenense,Etheostoma_barrenense_A,bedrock,F,-3.4203946821288214,TRCK
barrenense,Etheostoma_barrenense_A,bedrock,F,-3.192415029652995,TRCK
barrenense,Etheostoma_barrenense_A,bedrock,F,-3.6540751426862625,TRCK
barrenense,Etheostoma_barrenense_A,bedrock,F,-3.7634660115704897,TRCK
barrenense,Etheostoma_barrenense_A,bedrock,F,-3.664084881842342,TRCK
barrenense,Etheostoma_barrenense_A,bedrock,F,-3.565977161347045,TRCK
barrenense,Etheostoma_barrenense_A,bedrock,F,-3.3165789407215116,TRCK
barrenense,Etheostoma_barrenense_A,bedrock,F,-3.495304696743162,TRCK
barrenense,Etheostoma_barrenense_A,bedrock,F,-3.4109051750827333,TRCK
barrenense,Etheostoma_barrenense_A,bedrock,F,-3.1105992716411346,TRCK
barrenense,Etheostoma_barrenense_A,bedrock,F,-3.2300290380542154,TRCK
barrenense,Etheostoma_barrenense_A,bedrock,F,-3.1696477299854124,TRCK
barrenense,Etheostoma_barrenense_A,bedrock,F,-2.9134786733885933,TRCK
barrenense,Etheostoma_barrenense_A,bedrock,F,-2.9965917487427265,TRCK
barrenense,Etheostoma_barrenense_A,bedrock,F,-3.4586776730241544,TRCK
barrenense,Etheostoma_barrenense_A,bedrock,F,-3.4057536783982845,TRCK
barrenense,Etheostoma_barrenense_A,bedrock,F,-3.3248033716902063,TRCK
barrenense,Etheostoma_barrenense_A,bedrock,F,-3.151175704010919,TRCK
barrenense,Etheostoma_barrenense_A,bedrock,F,-3.408194691231471,TRCK
barrenense,Etheostoma_barrenense_A,bedrock,F,-3.3111572269473433,TRCK
barrenense,Etheostoma_barrenense_A,bedrock,F,-3.444218947567915,TRCK
barrenense,Etheostoma_barrenense_A,bedrock,F,-3.553990793283586,TRCK
barrenense,Etheostoma_barrenense_A,bedrock,F,-2.7109452773808793,TRCK
barrenense,Etheostoma_barrenense_A,bedrock,F,-2.7040586977382426,TRCK
barrenense,Etheostoma_barrenense_A,bedrock,M,-3.0606180275686707,TRCK
barrenense,Etheostoma_barrenense_A,bedrock,M,-3.3467262586985136,TRCK
barrenense,Etheostoma_barrenense_A,bedrock,M,-3.025961722607249,TRCK
barrenense,Etheostoma_barrenense_A,bedrock,M,-2.850213172764151,TRCK
barrenense,Etheostoma_barrenense_A,bedrock,M,-2.7650773007619387,TRCK
barrenense,Etheostoma_barrenense_A,bedrock,M,-2.8770135734962463,TRCK
barrenense,Etheostoma_barrenense_A,bedrock,M,-3.0717392639902386,TRCK
barrenense,Etheostoma_barrenense_A,bedrock,M,-2.9526043441397363,TRCK
barrenense,Etheostoma_barrenense_A,bedrock,M,-2.7813134887882334,TRCK
barrenense,Etheostoma_barrenense_A,bedrock,M,-2.827235576662921,TRCK
barrenense,Etheostoma_barrenense_A,bedrock,M,-2.7825085635670974,TRCK
barrenense,Etheostoma_barrenense_A,bedrock,M,-2.9283948201645535,TRCK
barrenense,Etheostoma_barrenense_A,bedrock,M,-2.916640532892705,TRCK
barrenense,Etheostoma_barrenense_A,bedrock,M,-2.500796453114072,TRCK
barrenense,Etheostoma_barrenense_A,bedrock,M,-2.8876231106031507,TRCK
barrenense,Etheostoma_barrenense_A,bedrock,M,-2.575063849667801,TRCK
barrenense,Etheostoma_barrenense_A,bedrock,M,-3.1215886265713513,TRCK
barrenense,Etheostoma_barrenense_A,bedrock,M,-3.1088097270774884,TRCK
barrenense,Etheostoma_barrenense_A,bedrock,M,-2.9403166691258535,TRCK
barrenense,Etheostoma_barrenense_A,bedrock,M,-3.0082783321578255,TRCK
barrenense,Etheostoma_barrenense_A,bedrock,M,-3.088935325748269,TRCK
barrenense,Etheostoma_barrenense_A,bedrock,M,-2.87207540436044,TRCK
blennioides,Etheostoma_blennioides_A,boulder,F,-2.896530888525369,BNCK
blennioides,Etheostoma_blennioides_A,boulder,F,-3.2393998977493794,BNCK
blennioides,Etheostoma_blennioides_A,boulder,F,-2.923899437586735,BNCK
blennioides,Etheostoma_blennioides_A,boulder,F,-2.9911799365619918,BNCK
blennioides,Etheostoma_blennioides_A,boulder,F,-3.497514786225397,BNCK
blennioides,Etheostoma_blennioides_A,boulder,F,-3.119138572142806,BNCK
blennioides,Etheostoma_blennioides_A,boulder,F,-2.856230325515808,BNCK
blennioides,Etheostoma_blennioides_A,boulder,F,-3.2430175277725706,BNCK
blennioides,Etheostoma_blennioides_A,boulder,F,-3.1415312571255187,BNCK
blennioides,Etheostoma_blennioides_A,boulder,F,-3.1052296014877947,BNCK
blennioides,Etheostoma_blennioides_A,boulder,F,-3.007898266888156,BNCK
blennioides,Etheostoma_blennioides_A,boulder,F,-3.041539621428045,BNCK
blennioides,Etheostoma_blennioides_A,boulder,F,-2.7895463716433553,BNCK
blennioides,Etheostoma_blennioides_A,boulder,F,-2.8322326366381274,BNCK
blennioides,Etheostoma_blennioides_A,boulder,F,-3.0321667671818138,BNCK
blennioides,Etheostoma_blennioides_A,boulder,F,-2.6703547559022147,BNCK
blennioides,Etheostoma_blennioides_A,boulder,F,-2.779185146208973,BNCK
blennioides,Etheostoma_blennioides_A,boulder,F,-3.311958512096474,BNCK
blennioides,Etheostoma_blennioides_A,boulder,F,-2.975603859264168,BNCK
blennioides,Etheostoma_blennioides_A,boulder,F,-3.4709690131203836,BNCK
blennioides,Etheostoma_blennioides_A,boulder,F,-2.7648343511782985,BNCK
blennioides,Etheostoma_blennioides_A,boulder,F,-2.6480234563323912,BNCK
blennioides,Etheostoma_blennioides_A,boulder,F,-3.1621109238033105,BNCK
blennioides,Etheostoma_blennioides_A,boulder,F,-3.3258017781567784,BNCK
blennioides,Etheostoma_blennioides_A,boulder,M,-2.893685070943196,BNCK
blennioides,Etheostoma_blennioides_A,boulder,M,-2.7714483102799314,BNCK
blennioides,Etheostoma_blennioides_A,boulder,M,-2.7381122309326753,BNCK
blennioides,Etheostoma_blennioides_A,boulder,M,-2.799387476822982,BNCK
blennioides,Etheostoma_blennioides_A,boulder,M,-2.955171990140773,BNCK
blennioides,Etheostoma_blennioides_A,boulder,M,-3.0106664726032593,BNCK
blennioides,Etheostoma_blennioides_A,boulder,M,-2.3963836823939886,BNCK
blennioides,Etheostoma_blennioides_A,boulder,M,-2.7604679098516556,BNCK
blennioides,Etheostoma_blennioides_A,boulder,M,-2.9791524932421978,BNCK
blennioides,Etheostoma_blennioides_A,boulder,M,-2.6946226508680886,BNCK
blennioides,Etheostoma_blennioides_A,boulder,M,-2.898410298887311,BNCK
blennioides,Etheostoma_blennioides_A,boulder,M,-2.9252330518818503,BNCK
blennioides,Etheostoma_blennioides_A,boulder,M,-3.0306407994861164,BNCK
blennioides,Etheostoma_blennioides_A,boulder,M,-3.1715788453161666,BNCK
blennioides,Etheostoma_blennioides_A,boulder,M,-2.384237226868202,BNCK
blennioides,Etheostoma_blennioides_A,boulder,M,-2.42117816999614,BNCK
blennioides,Etheostoma_blennioides_A,boulder,M,-2.969383530017659,BNCK
blennioides,Etheostoma_blennioides_A,boulder,M,-2.8244630117892693,BNCK
blennioides,Etheostoma_blennioides_A,boulder,M,-2.7132037383054226,BNCK
blennioides,Etheostoma_blennioides_A,boulder,M,-2.713044493188375,BNCK
blennioides,Etheostoma_blennioides_A,boulder,M,-2.9978059273439204,BNCK
blennioides,Etheostoma_blennioides_A,boulder,M,-2.872309658870596,BNCK
blennioides,Etheostoma_blennioides_A,boulder,F,-3.457534150295458,JDCK
blennioides,Etheostoma_blennioides_A,boulder,F,-3.369965527852142,JDCK
blennioides,Etheostoma_blennioides_A,boulder,F,-3.6571878677931644,JDCK
blennioides,Etheostoma_blennioides_A,boulder,F,-3.6810270972023664,JDCK
blennioides,Etheostoma_blennioides_A,boulder,F,-3.6658812176385376,JDCK
blennioides,Etheostoma_blennioides_A,boulder,F,-3.7874965967717267,JDCK
blennioides,Etheostoma_blennioides_A,boulder,F,-3.5658537773710033,JDCK
blennioides,Etheostoma_blennioides_A,boulder,F,-3.2367314735095087,JDCK
blennioides,Etheostoma_blennioides_A,boulder,F,-3.352851309471733,JDCK
blennioides,Etheostoma_blennioides_A,boulder,F,-3.4637621387745616,JDCK
blennioides,Etheostoma_blennioides_A,boulder,F,-3.6106815005889206,JDCK
blennioides,Etheostoma_blennioides_A,boulder,F,-3.67972162671213,JDCK
blennioides,Etheostoma_blennioides_A,boulder,F,-4.004336107598866,JDCK
blennioides,Etheostoma_blennioides_A,boulder,F,-3.971221633649823,JDCK
blennioides,Etheostoma_blennioides_A,boulder,M,-3.2219619368592816,JDCK
blennioides,Etheostoma_blennioides_A,boulder,M,-3.1870016502547416,JDCK
blennioides,Etheostoma_blennioides_A,boulder,M,-3.0832104405719623,JDCK
blennioides,Etheostoma_blennioides_A,boulder,M,-3.32475644328145,JDCK
blennioides,Etheostoma_blennioides_A,boulder,M,-3.185478643129267,JDCK
blennioides,Etheostoma_blennioides_A,boulder,M,-3.0661274580148103,JDCK
blennioides,Etheostoma_blennioides_A,boulder,M,-3.7116316900867257,JDCK
blennioides,Etheostoma_blennioides_A,boulder,M,-3.110792084810348,JDCK
blennioides,Etheostoma_blennioides_A,boulder,M,-3.7861078895770395,JDCK
blennioides,Etheostoma_blennioides_A,boulder,M,-3.3079626750565336,JDCK
blennioides,Etheostoma_blennioides_A,boulder,M,-3.4641046096462165,JDCK
blennioides,Etheostoma_blennioides_A,boulder,M,-3.347829910667886,JDCK
blennioides,Etheostoma_blennioides_A,boulder,M,-3.5129753656159752,JDCK
blennioides,Etheostoma_blennioides_A,boulder,M,-3.166218311016831,JDCK
blennioides,Etheostoma_blennioides_A,boulder,M,-3.288398954196615,JDCK
blennioides,Etheostoma_blennioides_A,boulder,M,-3.2777429748396507,JDCK
blennioides,Etheostoma_blennioides_A,boulder,M,-3.765809506800389,JDCK
blennioides,Etheostoma_blennioides_A,boulder,M,-3.88504536879027,JDCK
blennioides,Etheostoma_blennioides_A,boulder,M,-3.213838342578492,JDCK
blennioides,Etheostoma_blennioides_A,boulder,M,-2.9416410494417145,JDCK
blennioides,Etheostoma_blennioides_A,boulder,M,-2.9190339724746512,JDCK
blennioides,Etheostoma_blennioides_A,boulder,M,-3.4942408847568336,JDCK
blennioides,Etheostoma_blennioides_A,boulder,F,-3.209657621047158,REDR
blennioides,Etheostoma_blennioides_A,boulder,F,-3.605917602830973,REDR
blennioides,Etheostoma_blennioides_A,boulder,F,-3.5964568297698825,REDR
blennioides,Etheostoma_blennioides_A,boulder,F,-3.49225100740947,REDR
blennioides,Etheostoma_blennioides_A,boulder,F,-3.6846127725983315,REDR
blennioides,Etheostoma_blennioides_A,boulder,F,-3.6812038875672366,REDR
blennioides,Etheostoma_blennioides_A,boulder,F,-3.3792028721631255,REDR
blennioides,Etheostoma_blennioides_A,boulder,F,-3.5469797173834117,REDR
blennioides,Etheostoma_blennioides_A,boulder,F,-3.5948180021373126,REDR
blennioides,Etheostoma_blennioides_A,boulder,F,-3.608894072381755,REDR
blennioides,Etheostoma_blennioides_A,boulder,F,-3.531067239873271,REDR
blennioides,Etheostoma_blennioides_A,boulder,F,-3.657270406120223,REDR
blennioides,Etheostoma_blennioides_A,boulder,F,-3.114638907030545,REDR
blennioides,Etheostoma_blennioides_A,boulder,F,-3.1152205284335603,REDR
blennioides,Etheostoma_blennioides_A,boulder,F,-3.5946149414288247,REDR
blennioides,Etheostoma_blennioides_A,boulder,F,-3.6753182927063235,REDR
blennioides,Etheostoma_blennioides_A,boulder,F,-3.684696332095597,REDR
blennioides,Etheostoma_blennioides_A,boulder,F,-3.5063001951406267,REDR
blennioides,Etheostoma_blennioides_A,boulder,F,-3.423059666041423,REDR
blennioides,Etheostoma_blennioides_A,boulder,F,-3.440703497323818,REDR
blennioides,Etheostoma_blennioides_A,boulder,F,-3.3424976358184195,REDR
blennioides,Etheostoma_blennioides_A,boulder,F,-3.366364157606231,REDR
blennioides,Etheostoma_blennioides_A,boulder,F,-3.250608298366299,REDR
blennioides,Etheostoma_blennioides_A,boulder,F,-3.138592983995595,REDR
blennioides,Etheostoma_blennioides_A,boulder,M,-3.484108994566916,REDR
blennioides,Etheostoma_blennioides_A,boulder,M,-3.5392081717344466,REDR
blennioides,Etheostoma_blennioides_A,boulder,M,-3.6748647861324866,REDR
blennioides,Etheostoma_blennioides_A,boulder,M,-3.2375227167519673,REDR
blennioides,Etheostoma_blennioides_A,boulder,M,-3.3464849720044754,REDR
blennioides,Etheostoma_blennioides_A,boulder,M,-3.4407401890282787,REDR
blennioides,Etheostoma_blennioides_A,boulder,M,-3.162105341769458,REDR
blennioides,Etheostoma_blennioides_A,boulder,M,-3.1069670901869224,REDR
blennioides,Etheostoma_blennioides_A,boulder,M,-3.6041663778549413,REDR
blennioides,Etheostoma_blennioides_A,boulder,M,-2.914189785406341,REDR
blennioides,Etheostoma_blennioides_A,boulder,M,-2.7554431625632287,REDR
blennioides,Etheostoma_blennioides_A,boulder,M,-2.9914339998329558,REDR
blennioides,Etheostoma_blennioides_A,boulder,M,-3.4376283722093914,REDR
blennioides,Etheostoma_blennioides_A,boulder,M,-3.4897514136705667,REDR
blennioides,Etheostoma_blennioides_A,boulder,M,-2.822926845087933,REDR
blennioides,Etheostoma_blennioides_A,boulder,M,-3.358293625385347,REDR
caeruleum,Etheostoma_caeruleum_A,gravel,F,-3.367444490009,REDR
caeruleum,Etheostoma_caeruleum_A,gravel,F,-3.2829260825073714,REDR
caeruleum,Etheostoma_caeruleum_A,gravel,F,-3.463981849878118,REDR
caeruleum,Etheostoma_caeruleum_A,gravel,F,-3.440445693778405,REDR
caeruleum,Etheostoma_caeruleum_A,gravel,F,-3.3267977749908932,REDR
caeruleum,Etheostoma_caeruleum_A,gravel,F,-3.441068164838316,REDR
caeruleum,Etheostoma_caeruleum_A,gravel,F,-3.3029957446906124,REDR
caeruleum,Etheostoma_caeruleum_A,gravel,F,-3.2434675561441644,REDR
caeruleum,Etheostoma_caeruleum_A,gravel,F,-3.2330549433291784,REDR
caeruleum,Etheostoma_caeruleum_A,gravel,F,-3.384841831011416,REDR
caeruleum,Etheostoma_caeruleum_A,gravel,F,-3.264899814476603,REDR
caeruleum,Etheostoma_caeruleum_A,gravel,F,-3.5030123639227084,REDR
caeruleum,Etheostoma_caeruleum_A,gravel,F,-3.578662536211857,REDR
caeruleum,Etheostoma_caeruleum_A,gravel,F,-3.318191444611051,REDR
caeruleum,Etheostoma_caeruleum_A,gravel,F,-3.665937506990064,REDR
caeruleum,Etheostoma_caeruleum_A,gravel,F,-3.592369306310747,REDR
caeruleum,Etheostoma_caeruleum_A,gravel,F,-3.465239817578243,REDR
caeruleum,Etheostoma_caeruleum_A,gravel,F,-3.2199297067503303,REDR
caeruleum,Etheostoma_caeruleum_A,gravel,F,-3.5229250858121315,REDR
caeruleum,Etheostoma_caeruleum_A,gravel,F,-3.585066691833466,REDR
caeruleum,Etheostoma_caeruleum_A,gravel,F,-3.4234970159519587,REDR
caeruleum,Etheostoma_caeruleum_A,gravel,F,-3.516408078896336,REDR
caeruleum,Etheostoma_caeruleum_A,gravel,F,-3.3053990763596355,REDR
caeruleum,Etheostoma_caeruleum_A,gravel,F,-3.0643038579305912,REDR
caeruleum,Etheostoma_caeruleum_A,gravel,M,-3.5559815750965407,REDR
caeruleum,Etheostoma_caeruleum_A,gravel,M,-4.024596311932052,REDR
caeruleum,Etheostoma_caeruleum_A,gravel,M,-4.001008146503434,REDR
caeruleum,Etheostoma_caeruleum_A,gravel,M,-3.953474868491946,REDR
caeruleum,Etheostoma_caeruleum_A,gravel,M,-3.806190798902033,REDR
caeruleum,Etheostoma_caeruleum_A,gravel,M,-3.9895211049565567,REDR
caeruleum,Etheostoma_caeruleum_A,gravel,M,-3.5876414914376946,REDR
caeruleum,Etheostoma_caeruleum_A,gravel,M,-3.4639726679750886,REDR
caeruleum,Etheostoma_caeruleum_A,gravel,M,-3.7435996523825112,REDR
caeruleum,Etheostoma_caeruleum_A,gravel,M,-3.722580032116095,REDR
caeruleum,Etheostoma_caeruleum_A,gravel,M,-3.140693095823557,REDR
caeruleum,Etheostoma_caeruleum_A,gravel,M,-3.2180348858515546,REDR
caeruleum,Etheostoma_caeruleum_A,gravel,M,-3.535677548975052,REDR
caeruleum,Etheostoma_caeruleum_A,gravel,M,-3.3601931213172813,REDR
caeruleum,Etheostoma_caeruleum_A,gravel,M,-3.178664487233357,REDR
caeruleum,Etheostoma_caeruleum_A,gravel,M,-3.484137926934165,REDR
caeruleum,Etheostoma_caeruleum_A,gravel,M,-3.3420095216359287,REDR
caeruleum,Etheostoma_caeruleum_A,gravel,M,-3.1412110104304096,REDR
caeruleum,Etheostoma_caeruleum_A,gravel,M,-3.5747898007822347,REDR
caeruleum,Etheostoma_caeruleum_A,gravel,M,-3.456317052835939,REDR
caeruleum,Etheostoma_caeruleum_A,gravel,M,-3.751079580644326,REDR
caeruleum,Etheostoma_caeruleum_A,gravel,M,-3.7134449236993725,REDR
caeruleum,Etheostoma_caeruleum_A,gravel,M,-3.3419765631955802,REDR
caeruleum,Etheostoma_caeruleum_A,gravel,M,-3.6938172376990597,REDR
caeruleum,Etheostoma_caeruleum_A,gravel,M,-3.4389406227940413,REDR
caeruleum,Etheostoma_caeruleum_A,gravel,M,-3.4257955467825747,REDR
caeruleum,Etheostoma_caeruleum_A,gravel,M,-3.430894780530559,REDR
caeruleum,Etheostoma_caeruleum_A,gravel,M,-3.300548045770236,REDR
caeruleum,Etheostoma_caeruleum_A,gravel,M,-3.7803013745980496,REDR
caeruleum,Etheostoma_caeruleum_A,gravel,M,-3.8212990639733273,REDR
caeruleum,Etheostoma_caeruleum_A,gravel,F,-3.0440534297364836,SAFK
caeruleum,Etheostoma_caeruleum_A,gravel,F,-3.231178697739265,SAFK
caeruleum,Etheostoma_caeruleum_A,gravel,F,-3.8188092189945295,SAFK
caeruleum,Etheostoma_caeruleum_A,gravel,F,-3.6907191285204464,SAFK
caeruleum,Etheostoma_caeruleum_A,gravel,F,-3.5667462201066704,SAFK
caeruleum,Etheostoma_caeruleum_A,gravel,F,-3.582115599465255,SAFK
caeruleum,Etheostoma_caeruleum_A,gravel,F,-3.142145891089121,SAFK
caeruleum,Etheostoma_caeruleum_A,gravel,F,-3.100531895251168,SAFK
caeruleum,Etheostoma_caeruleum_A,gravel,F,-3.625949891855782,SAFK
caeruleum,Etheostoma_caeruleum_A,gravel,F,-4.039851045749739,SAFK
caeruleum,Etheostoma_caeruleum_A,gravel,F,-3.325655416859317,SAFK
caeruleum,Etheostoma_caeruleum_A,gravel,F,-2.991049810445958,SAFK
caeruleum,Etheostoma_caeruleum_A,gravel,F,-3.4275073959351956,SAFK
caeruleum,Etheostoma_caeruleum_A,gravel,F,-3.4755245293901624,SAFK
caeruleum,Etheostoma_caeruleum_A,gravel,F,-3.498275300949674,SAFK
caeruleum,Etheostoma_caeruleum_A,gravel,F,-4.0757289845948055,SAFK
caeruleum,Etheostoma_caeruleum_A,gravel,F,-3.3160190954368,SAFK
caeruleum,Etheostoma_caeruleum_A,gravel,F,-3.3107060899413754,SAFK
caeruleum,Etheostoma_caeruleum_A,gravel,F,-2.9493017565579014,SAFK
caeruleum,Etheostoma_caeruleum_A,gravel,F,-3.479744463464422,SAFK
caeruleum,Etheostoma_caeruleum_A,gravel,F,-3.4228198985375005,SAFK
caeruleum,Etheostoma_caeruleum_A,gravel,F,-3.2695693877111083,SAFK
caeruleum,Etheostoma_caeruleum_A,gravel,M,-3.3901872216139983,SAFK
caeruleum,Etheostoma_caeruleum_A,gravel,M,-3.962359599829114,SAFK
caeruleum,Etheostoma_caeruleum_A,gravel,M,-3.1434339425482394,SAFK
caeruleum,Etheostoma_caeruleum_A,gravel,M,-3.0356493062493173,SAFK
caeruleum,Etheostoma_caeruleum_A,gravel,M,-3.5566058640380867,SAFK
caeruleum,Etheostoma_caeruleum_A,gravel,M,-3.214708756050042,SAFK
caeruleum,Etheostoma_caeruleum_A,gravel,M,-3.5177690113306834,SAFK
caeruleum,Etheostoma_caeruleum_A,gravel,M,-3.3391546354220254,SAFK
caeruleum,Etheostoma_caeruleum_A,gravel,M,-3.1083869268082656,SAFK
caeruleum,Etheostoma_caeruleum_A,gravel,M,-3.0276863813386328,SAFK
caeruleum,Etheostoma_caeruleum_A,gravel,M,-3.3087790567623037,SAFK
caeruleum,Etheostoma_caeruleum_A,gravel,M,-3.7670351633268395,SAFK
caeruleum,Etheostoma_caeruleum_A,gravel,M,-3.0846083623785683,SAFK
caeruleum,Etheostoma_caeruleum_A,gravel,M,-3.034692740978884,SAFK
caeruleum,Etheostoma_caeruleum_A,gravel,M,-3.3552378249873667,SAFK
caeruleum,Etheostoma_caeruleum_A,gravel,M,-3.5629837238827777,SAFK
caeruleum,Etheostoma_caeruleum_A,gravel,M,-3.0737051572931198,SAFK
caeruleum,Etheostoma_caeruleum_A,gravel,M,-3.1225417176119206,SAFK
caeruleum,Etheostoma_caeruleum_A,gravel,M,-3.262215607101179,SAFK
caeruleum,Etheostoma_caeruleum_A,gravel,M,-3.035590516637228,SAFK
caeruleum,Etheostoma_caeruleum_A,gravel,M,-3.218001579508959,SAFK
caeruleum,Etheostoma_caeruleum_A,gravel,M,-3.108663577101186,SAFK
caeruleum,Etheostoma_caeruleum_A,gravel,F,-3.3576443272312515,TRFK
caeruleum,Etheostoma_caeruleum_A,gravel,F,-3.497866345922647,TRFK
caeruleum,Etheostoma_caeruleum_A,gravel,F,-3.5220537432425294,TRFK
caeruleum,Etheostoma_caeruleum_A,gravel,F,-3.566853712015754,TRFK
caeruleum,Etheostoma_caeruleum_A,gravel,F,-3.0920885781408236,TRFK
caeruleum,Etheostoma_caeruleum_A,gravel,F,-3.1071855773363155,TRFK
caeruleum,Etheostoma_caeruleum_A,gravel,F,-3.03748780482465,TRFK
caeruleum,Etheostoma_caeruleum_A,gravel,F,-2.8859557218365257,TRFK
caeruleum,Etheostoma_caeruleum_A,gravel,F,-3.075021314173546,TRFK
caeruleum,Etheostoma_caeruleum_A,gravel,F,-3.425755526845115,TRFK
caeruleum,Etheostoma_caeruleum_A,gravel,F,-3.280339771631548,TRFK
caeruleum,Etheostoma_caeruleum_A,gravel,F,-3.1861928742121184,TRFK
caeruleum,Etheostoma_caeruleum_A,gravel,F,-3.4410730073088356,TRFK
caeruleum,Etheostoma_caeruleum_A,gravel,F,-3.40650169558915,TRFK
caeruleum,Etheostoma_caeruleum_A,gravel,F,-2.9931296286364035,TRFK
caeruleum,Etheostoma_caeruleum_A,gravel,F,-3.0485710196699674,TRFK
caeruleum,Etheostoma_caeruleum_A,gravel,F,-3.397148842355404,TRFK
caeruleum,Etheostoma_caeruleum_A,gravel,F,-3.1348809031262594,TRFK
caeruleum,Etheostoma_caeruleum_A,gravel,F,-3.0999644805889908,TRFK
caeruleum,Etheostoma_caeruleum_A,gravel,F,-3.1174229517348824,TRFK
caeruleum,Etheostoma_caeruleum_A,gravel,F,-3.303838523348141,TRFK
caeruleum,Etheostoma_caeruleum_A,gravel,F,-3.445464921325215,TRFK
caeruleum,Etheostoma_caeruleum_A,gravel,F,-3.3680446312963443,TRFK
caeruleum,Etheostoma_caeruleum_A,gravel,F,-3.082445600136409,TRFK
caeruleum,Etheostoma_caeruleum_A,gravel,M,-3.0008699422154144,TRFK
caeruleum,Etheostoma_caeruleum_A,gravel,M,-3.3286639798785838,TRFK
caeruleum,Etheostoma_caeruleum_A,gravel,M,-3.5060514557512854,TRFK
caeruleum,Etheostoma_caeruleum_A,gravel,M,-3.3959309054342968,TRFK
caeruleum,Etheostoma_caeruleum_A,gravel,M,-3.316248296214884,TRFK
caeruleum,Etheostoma_caeruleum_A,gravel,M,-3.5783543036114627,TRFK
caeruleum,Etheostoma_caeruleum_A,gravel,M,-3.4580635290758868,TRFK
caeruleum,Etheostoma_caeruleum_A,gravel,M,-2.7876764658394415,TRFK
caeruleum,Etheostoma_caeruleum_A,gravel,M,-3.5172039591027775,TRFK
caeruleum,Etheostoma_caeruleum_A,gravel,M,-3.235989274321153,TRFK
caeruleum,Etheostoma_caeruleum_A,gravel,M,-3.7506906204079673,TRFK
caeruleum,Etheostoma_caeruleum_A,gravel,M,-3.348726592620481,TRFK
caeruleum,Etheostoma_caeruleum_A,gravel,M,-3.8843415525584777,TRFK
caeruleum,Etheostoma_caeruleum_A,gravel,M,-3.901941115978777,TRFK
caeruleum,Etheostoma_caeruleum_A,gravel,M,-3.4530741560643823,TRFK
caeruleum,Etheostoma_caeruleum_A,gravel,M,-3.620607200855918,TRFK
caeruleum,Etheostoma_caeruleum_A,gravel,M,-2.998725899639022,TRFK
caeruleum,Etheostoma_caeruleum_A,gravel,M,-3.5207253472126996,TRFK
caeruleum,Etheostoma_caeruleum_A,gravel,M,-3.1709871975693837,TRFK
caeruleum,Etheostoma_caeruleum_A,gravel,M,-3.270811021772958,TRFK
caeruleum,Etheostoma_caeruleum_A,gravel,M,-3.9430917512940806,TRFK
caeruleum,Etheostoma_caeruleum_A,gravel,M,-3.995794439767836,TRFK
caeruleum,Etheostoma_caeruleum_A,gravel,M,-3.5902672757588165,TRFK
caeruleum,Etheostoma_caeruleum_A,gravel,M,-3.7281842833490937,TRFK
camurum,Nothonotus_camurus_A,boulder,F,-3.5173994641227457,MFKR
camurum,Nothonotus_camurus_A,boulder,F,-3.2788182018334977,MFKR
camurum,Nothonotus_camurus_A,boulder,F,-3.156988329705877,MFKR
camurum,Nothonotus_camurus_A,boulder,F,-3.1803938957839373,MFKR
camurum,Nothonotus_camurus_A,boulder,F,-2.923397259205462,MFKR
camurum,Nothonotus_camurus_A,boulder,F,-2.823597981178075,MFKR
camurum,Nothonotus_camurus_A,boulder,F,-2.9349851010169323,MFKR
camurum,Nothonotus_camurus_A,boulder,F,-3.165195017236509,MFKR
camurum,Nothonotus_camurus_A,boulder,F,-3.116019823821417,MFKR
camurum,Nothonotus_camurus_A,boulder,F,-3.274246871285411,MFKR
camurum,Nothonotus_camurus_A,boulder,F,-3.1862176340459776,MFKR
camurum,Nothonotus_camurus_A,boulder,F,-3.3187406976053064,MFKR
camurum,Nothonotus_camurus_A,boulder,F,-3.2330867659009677,MFKR
camurum,Nothonotus_camurus_A,boulder,F,-3.2341089919736463,MFKR
camurum,Nothonotus_camurus_A,boulder,F,-2.6372788075364144,MFKR
camurum,Nothonotus_camurus_A,boulder,F,-2.7476110314479087,MFKR
camurum,Nothonotus_camurus_A,boulder,F,-3.4098065945455738,MFKR
camurum,Nothonotus_camurus_A,boulder,F,-3.52439256562026,MFKR
camurum,Nothonotus_camurus_A,boulder,F,-3.4038366272147185,MFKR
camurum,Nothonotus_camurus_A,boulder,F,-3.421141853715838,MFKR
camurum,Nothonotus_camurus_A,boulder,M,-3.3963876738426686,MFKR
camurum,Nothonotus_camurus_A,boulder,M,-3.553026561807396,MFKR
camurum,Nothonotus_camurus_A,boulder,M,-3.4154206438729062,MFKR
camurum,Nothonotus_camurus_A,boulder,M,-3.778650857739971,MFKR
camurum,Nothonotus_camurus_A,boulder,M,-3.2269370658502186,MFKR
camurum,Nothonotus_camurus_A,boulder,M,-3.0440131448051244,MFKR
camurum,Nothonotus_camurus_A,boulder,M,-2.889895869440866,MFKR
camurum,Nothonotus_camurus_A,boulder,M,-3.0481066422329506,MFKR
camurum,Nothonotus_camurus_A,boulder,M,-3.1321942963095455,MFKR
camurum,Nothonotus_camurus_A,boulder,M,-3.2416414564793175,MFKR
camurum,Nothonotus_camurus_A,boulder,M,-3.5304699984202865,MFKR
camurum,Nothonotus_camurus_A,boulder,M,-3.5262551937224287,MFKR
camurum,Nothonotus_camurus_A,boulder,M,-3.331604661105112,MFKR
camurum,Nothonotus_camurus_A,boulder,M,-3.281695380503118,MFKR
camurum,Nothonotus_camurus_A,boulder,M,-3.396119020408522,MFKR
camurum,Nothonotus_camurus_A,boulder,M,-3.4956436481821966,MFKR
camurum,Nothonotus_camurus_A,boulder,M,-3.1396619973622,MFKR
camurum,Nothonotus_camurus_A,boulder,M,-3.1262078149836556,MFKR
camurum,Nothonotus_camurus_A,boulder,M,-3.218051331825286,MFKR
camurum,Nothonotus_camurus_A,boulder,M,-3.219981825879493,MFKR
camurum,Nothonotus_camurus_A,boulder,M,-3.249054855190404,MFKR
camurum,Nothonotus_camurus_A,boulder,M,-3.2739070085859936,MFKR
camurum,Nothonotus_camurus_A,boulder,F,-3.3291317963227156,MFVR
camurum,Nothonotus_camurus_A,boulder,F,-3.4216178692677057,MFVR
camurum,Nothonotus_camurus_A,boulder,F,-2.759807962889585,MFVR
camurum,Nothonotus_camurus_A,boulder,F,-2.776868460514641,MFVR
camurum,Nothonotus_camurus_A,boulder,F,-3.0101006570829654,MFVR
camurum,Nothonotus_camurus_A,boulder,F,-2.96754993656446,MFVR
camurum,Nothonotus_camurus_A,boulder,F,-2.9435481922933393,MFVR
camurum,Nothonotus_camurus_A,boulder,F,-2.7518890394169784,MFVR
camurum,Nothonotus_camurus_A,boulder,F,-2.966973116882255,MFVR
camurum,Nothonotus_camurus_A,boulder,F,-3.1009465735407518,MFVR
camurum,Nothonotus_camurus_A,boulder,F,-2.7679014576401513,MFVR
camurum,Nothonotus_camurus_A,boulder,F,-2.7518460913829452,MFVR
camurum,Nothonotus_camurus_A,boulder,F,-2.9848908506171483,MFVR
camurum,Nothonotus_camurus_A,boulder,F,-2.95308065245961,MFVR
camurum,Nothonotus_camurus_A,boulder,F,-2.8823085705986777,MFVR
camurum,Nothonotus_camurus_A,boulder,F,-3.053195138644092,MFVR
camurum,Nothonotus_camurus_A,boulder,F,-2.7799217769697613,MFVR
camurum,Nothonotus_camurus_A,boulder,F,-2.9338734531960218,MFVR
camurum,Nothonotus_camurus_A,boulder,M,-2.8182027742819162,MFVR
camurum,Nothonotus_camurus_A,boulder,M,-2.771933027700659,MFVR
camurum,Nothonotus_camurus_A,boulder,M,-2.9625380070609744,MFVR
camurum,Nothonotus_camurus_A,boulder,M,-3.14311121131339,MFVR
camurum,Nothonotus_camurus_A,boulder,M,-2.818108783569393,MFVR
camurum,Nothonotus_camurus_A,boulder,M,-2.922379419130694,MFVR
camurum,Nothonotus_camurus_A,boulder,M,-2.5770391995433846,MFVR
camurum,Nothonotus_camurus_A,boulder,M,-3.116289842371074,MFVR
camurum,Nothonotus_camurus_A,boulder,M,-2.6588165351610176,MFVR
camurum,Nothonotus_camurus_A,boulder,M,-2.8669742708389827,MFVR
camurum,Nothonotus_camurus_A,boulder,M,-2.810480173654505,MFVR
camurum,Nothonotus_camurus_A,boulder,M,-2.781752524204238,MFVR
camurum,Nothonotus_camurus_A,boulder,M,-2.657455073359925,MFVR
camurum,Nothonotus_camurus_A,boulder,M,-2.7533311089724646,MFVR
camurum,Nothonotus_camurus_A,boulder,M,-2.9639440858363093,MFVR
camurum,Nothonotus_camurus_A,boulder,M,-2.8187248319319784,MFVR
camurum,Nothonotus_camurus_A,boulder,M,-3.348591646936111,MFVR
camurum,Nothonotus_camurus_A,boulder,M,-3.3452414576476923,MFVR
camurum,Nothonotus_camurus_A,boulder,M,-3.5205616659957646,MFVR
camurum,Nothonotus_camurus_A,boulder,M,-3.4103686942147156,MFVR
camurum,Nothonotus_camurus_A,boulder,F,-3.5668274674341482,SFKR
camurum,Nothonotus_camurus_A,boulder,F,-3.5988662522832926,SFKR
camurum,Nothonotus_camurus_A,boulder,F,-3.5596632251873714,SFKR
camurum,Nothonotus_camurus_A,boulder,F,-3.462217139531044,SFKR
camurum,Nothonotus_camurus_A,boulder,F,-3.661534561200927,SFKR
camurum,Nothonotus_camurus_A,boulder,F,-3.744918679425407,SFKR
camurum,Nothonotus_camurus_A,boulder,F,-3.4548948562896786,SFKR
camurum,Nothonotus_camurus_A,boulder,F,-3.6646443610588246,SFKR
camurum,Nothonotus_camurus_A,boulder,F,-3.352001554883038,SFKR
camurum,Nothonotus_camurus_A,boulder,F,-3.2461595395689784,SFKR
camurum,Nothonotus_camurus_A,boulder,F,-3.4599888065031967,SFKR
camurum,Nothonotus_camurus_A,boulder,F,-3.455091546341964,SFKR
camurum,Nothonotus_camurus_A,boulder,F,-3.1992968453895485,SFKR
camurum,Nothonotus_camurus_A,boulder,F,-3.174242374606498,SFKR
camurum,Nothonotus_camurus_A,boulder,F,-3.74279624535057,SFKR
camurum,Nothonotus_camurus_A,boulder,F,-3.7316330245958533,SFKR
camurum,Nothonotus_camurus_A,boulder,F,-3.113754452278345,SFKR
camurum,Nothonotus_camurus_A,boulder,F,-3.0930518266035474,SFKR
camurum,Nothonotus_camurus_A,boulder,F,-3.3131570472198386,SFKR
camurum,Nothonotus_camurus_A,boulder,F,-3.5338003613283298,SFKR
camurum,Nothonotus_camurus_A,boulder,F,-3.6589226386024953,SFKR
camurum,Nothonotus_camurus_A,boulder,F,-3.380213929294819,SFKR
camurum,Nothonotus_camurus_A,boulder,F,-3.3438494246511783,SFKR
camurum,Nothonotus_camurus_A,boulder,F,-3.2465534234586992,SFKR
camurum,Nothonotus_camurus_A,boulder,M,-3.3360251006794956,SFKR
camurum,Nothonotus_camurus_A,boulder,M,-3.0055558445029797,SFKR
camurum,Nothonotus_camurus_A,boulder,M,-3.2853040810337175,SFKR
camurum,Nothonotus_camurus_A,boulder,M,-3.2440338867389853,SFKR
camurum,Nothonotus_camurus_A,boulder,M,-3.5477818781207073,SFKR
camurum,Nothonotus_camurus_A,boulder,M,-3.2325395715496796,SFKR
camurum,Nothonotus_camurus_A,boulder,M,-3.2656697445517278,SFKR
camurum,Nothonotus_camurus_A,boulder,M,-3.32588613023373,SFKR
camurum,Nothonotus_camurus_A,boulder,M,-3.355244363877661,SFKR
camurum,Nothonotus_camurus_A,boulder,M,-3.385682095134102,SFKR
camurum,Nothonotus_camurus_A,boulder,M,-3.0320218314637706,SFKR
camurum,Nothonotus_camurus_A,boulder,M,-3.212187087134786,SFKR
camurum,Nothonotus_camurus_A,boulder,M,-3.0201417894142484,SFKR
camurum,Nothonotus_camurus_A,boulder,M,-2.923170596308681,SFKR
camurum,Nothonotus_camurus_A,boulder,M,-3.0843504540003446,SFKR
camurum,Nothonotus_camurus_A,boulder,M,-3.167661808265366,SFKR
camurum,Nothonotus_camurus_A,boulder,M,-3.339702746650824,SFKR
camurum,Nothonotus_camurus_A,boulder,M,-3.4808701339150927,SFKR
camurum,Nothonotus_camurus_A,boulder,M,-3.824613186520018,SFKR
camurum,Nothonotus_camurus_A,boulder,M,-3.70545624186818,SFKR
camurum,Nothonotus_camurus_A,boulder,M,-3.670189105597244,SFKR
camurum,Nothonotus_camurus_A,boulder,M,-3.5889669181419794,SFKR
chlorosomum,Etheostoma_chlorosoma_A,sand,F,-2.802744835718596,OTCK
chlorosomum,Etheostoma_chlorosoma_A,sand,F,-2.8238135829822517,OTCK
chlorosomum,Etheostoma_chlorosoma_A,sand,F,-2.7891183468699183,OTCK
chlorosomum,Etheostoma_chlorosoma_A,sand,F,-2.7554293923781663,OTCK
chlorosomum,Etheostoma_chlorosoma_A,sand,F,-2.942278597171194,OTCK
chlorosomum,Etheostoma_chlorosoma_A,sand,F,-2.8035827021216373,OTCK
chlorosomum,Etheostoma_chlorosoma_A,sand,F,-2.962867510950031,OTCK
chlorosomum,Etheostoma_chlorosoma_A,sand,F,-2.9053708782449017,OTCK
chlorosomum,Etheostoma_chlorosoma_A,sand,F,-2.7351714999396055,OTCK
chlorosomum,Etheostoma_chlorosoma_A,sand,F,-2.6676744532378787,OTCK
chlorosomum,Etheostoma_chlorosoma_A,sand,F,-2.5659591861217073,OTCK
chlorosomum,Etheostoma_chlorosoma_A,sand,F,-2.690536919580413,OTCK
chlorosomum,Etheostoma_chlorosoma_A,sand,F,-2.8367846924872397,OTCK
chlorosomum,Etheostoma_chlorosoma_A,sand,F,-2.7709441319690677,OTCK
chlorosomum,Etheostoma_chlorosoma_A,sand,F,-2.7790026656388256,OTCK
chlorosomum,Etheostoma_chlorosoma_A,sand,F,-2.5619748930084407,OTCK
chlorosomum,Etheostoma_chlorosoma_A,sand,F,-2.5537513525007847,OTCK
chlorosomum,Etheostoma_chlorosoma_A,sand,F,-2.507664046895614,OTCK
chlorosomum,Etheostoma_chlorosoma_A,sand,M,-2.4456365177010535,OTCK
chlorosomum,Etheostoma_chlorosoma_A,sand,M,-2.490589445063806,OTCK
chlorosomum,Etheostoma_chlorosoma_A,sand,M,-2.449692984496743,OTCK
chlorosomum,Etheostoma_chlorosoma_A,sand,M,-2.436347334119884,OTCK
chlorosomum,Etheostoma_chlorosoma_A,sand,M,-2.6643966541478927,OTCK
chlorosomum,Etheostoma_chlorosoma_A,sand,M,-2.8575166975579087,OTCK
chlorosomum,Etheostoma_chlorosoma_A,sand,M,-3.3479882706068347,OTCK
chlorosomum,Etheostoma_chlorosoma_A,sand,M,-2.973311579158306,OTCK
chlorosomum,Etheostoma_chlorosoma_A,sand,M,-2.6797878475248034,OTCK
chlorosomum,Etheostoma_chlorosoma_A,sand,M,-2.7929731008824668,OTCK
chlorosomum,Etheostoma_chlorosoma_A,sand,M,-2.3828613602740805,OTCK
chlorosomum,Etheostoma_chlorosoma_A,sand,M,-2.435461577014074,OTCK
chlorosomum,Etheostoma_chlorosoma_A,sand,M,-2.3199089856820576,OTCK
chlorosomum,Etheostoma_chlorosoma_A,sand,M,-2.469819290612969,OTCK
chlorosomum,Etheostoma_chlorosoma_A,sand,M,-2.7536539026572218,OTCK
chlorosomum,Etheostoma_chlorosoma_A,sand,M,-2.6311504032786575,OTCK
chlorosomum,Etheostoma_chlorosoma_A,sand,M,-2.641274793061358,OTCK
chlorosomum,Etheostoma_chlorosoma_A,sand,M,-2.609452377087131,OTCK
chlorosomum,Etheostoma_chlorosoma_A,sand,M,-2.1065381659724403,OTCK
chlorosomum,Etheostoma_chlorosoma_A,sand,M,-2.1701535946141384,OTCK
chlorosomum,Etheostoma_chlorosoma_A,sand,M,-2.3526955131708776,OTCK
chlorosomum,Etheostoma_chlorosoma_A,sand,M,-2.457498265843831,OTCK
chlorosomum,Etheostoma_chlorosoma_A,sand,M,-2.9692392473439906,UNKN
chlorosomum,Etheostoma_chlorosoma_A,sand,M,-2.9090312581566478,UNKN
gracile,Etheostoma_gracile_A,detritus,F,-2.9320353472704195,BRCK
gracile,Etheostoma_gracile_A,detritus,F,-3.0213802985698983,BRCK
gracile,Etheostoma_gracile_A,detritus,F,-2.9674914337849345,BRCK
gracile,Etheostoma_gracile_A,detritus,F,-2.9721150851795617,BRCK
gracile,Etheostoma_gracile_A,detritus,F,-3.0986015505699838,BRCK
gracile,Etheostoma_gracile_A,detritus,F,-3.2626730924209912,BRCK
gracile,Etheostoma_gracile_A,detritus,F,-2.9638428822238256,BRCK
gracile,Etheostoma_gracile_A,detritus,F,-2.8798107856864044,BRCK
gracile,Etheostoma_gracile_A,detritus,M,-2.7497533409043036,BRCK
gracile,Etheostoma_gracile_A,detritus,M,-2.9183369106871857,BRCK
gracile,Etheostoma_gracile_A,detritus,M,-3.170212683888742,BRCK
gracile,Etheostoma_gracile_A,detritus,M,-3.2488507710306878,BRCK
gracile,Etheostoma_gracile_A,detritus,M,-3.130272956596021,BRCK
gracile,Etheostoma_gracile_A,detritus,M,-3.1655595663059763,BRCK
gracile,Etheostoma_gracile_A,detritus,M,-3.2624899555734075,BRCK
gracile,Etheostoma_gracile_A,detritus,M,-3.4117735727204845,BRCK
gracile,Etheostoma_gracile_A,detritus,M,-3.0163626251385076,BRCK
gracile,Etheostoma_gracile_A,detritus,M,-2.995141303806463,BRCK
gracile,Etheostoma_gracile_A,detritus,M,-3.1788077905760233,BRCK
gracile,Etheostoma_gracile_A,detritus,M,-2.9110597098145172,BRCK
gracile,Etheostoma_gracile_A,detritus,M,-2.8068949242257246,BRCK
gracile,Etheostoma_gracile_A,detritus,M,-2.7552130253922456,BRCK
gracile,Etheostoma_gracile_A,detritus,M,-3.4752947279510673,BRCK
gracile,Etheostoma_gracile_A,detritus,M,-3.2739449622511003,BRCK
gracile,Etheostoma_gracile_A,detritus,M,-3.216359609627382,BRCK
gracile,Etheostoma_gracile_A,detritus,M,-3.146719741235526,BRCK
gracile,Etheostoma_gracile_A,detritus,M,-3.5021917257689665,BRCK
gracile,Etheostoma_gracile_A,detritus,M,-3.193808588908262,BRCK
gracile,Etheostoma_gracile_A,detritus,M,-3.173353225785539,BRCK
gracile,Etheostoma_gracile_A,detritus,M,-3.3244032542371365,BRCK
gracile,Etheostoma_gracile_A,detritus,M,-3.3438830937636665,BRCK
gracile,Etheostoma_gracile_A,detritus,M,-3.078380709641706,BRCK
gracile,Etheostoma_gracile_A,detritus,F,-3.4888264232784194,EMBR
gracile,Etheostoma_gracile_A,detritus,F,-3.4320633998179937,EMBR
gracile,Etheostoma_gracile_A,detritus,F,-3.263429588741221,EMBR
gracile,Etheostoma_gracile_A,detritus,F,-3.157820058292109,EMBR
gracile,Etheostoma_gracile_A,detritus,F,-2.993766043447126,EMBR
gracile,Etheostoma_gracile_A,detritus,F,-3.000617525648474,EMBR
gracile,Etheostoma_gracile_A,detritus,F,-2.9580553802901206,EMBR
gracile,Etheostoma_gracile_A,detritus,F,-3.081119567566953,EMBR
gracile,Etheostoma_gracile_A,detritus,F,-3.2501074112468755,EMBR
gracile,Etheostoma_gracile_A,detritus,F,-3.396764233115314,EMBR
gracile,Etheostoma_gracile_A,detritus,F,-3.17825620140515,EMBR
gracile,Etheostoma_gracile_A,detritus,F,-3.1015650953188127,EMBR
gracile,Etheostoma_gracile_A,detritus,F,-3.1725364902196693,EMBR
gracile,Etheostoma_gracile_A,detritus,F,-3.142168806735425,EMBR
gracile,Etheostoma_gracile_A,detritus,F,-3.66401577033227,EMBR
gracile,Etheostoma_gracile_A,detritus,F,-3.1111845840911823,EMBR
gracile,Etheostoma_gracile_A,detritus,F,-3.4373598554887725,EMBR
gracile,Etheostoma_gracile_A,detritus,F,-3.1776951782783396,EMBR
gracile,Etheostoma_gracile_A,detritus,F,-3.124493754247397,EMBR
gracile,Etheostoma_gracile_A,detritus,F,-3.1697960159996366,EMBR
gracile,Etheostoma_gracile_A,detritus,M,-3.2010930122925005,EMBR
gracile,Etheostoma_gracile_A,detritus,M,-3.218807011579422,EMBR
gracile,Etheostoma_gracile_A,detritus,M,-3.086620367760614,EMBR
gracile,Etheostoma_gracile_A,detritus,M,-3.090130145018297,EMBR
gracile,Etheostoma_gracile_A,detritus,M,-3.4093586607720527,EMBR
gracile,Etheostoma_gracile_A,detritus,M,-3.4181841517498532,EMBR
gracile,Etheostoma_gracile_A,detritus,M,-3.1939993679586656,EMBR
gracile,Etheostoma_gracile_A,detritus,M,-3.256231489310341,EMBR
gracile,Etheostoma_gracile_A,detritus,M,-3.3552581635818948,EMBR
gracile,Etheostoma_gracile_A,detritus,M,-3.291211446326924,EMBR
gracile,Etheostoma_gracile_A,detritus,M,-3.2899229455945016,EMBR
gracile,Etheostoma_gracile_A,detritus,M,-3.0902021895527985,EMBR
gracile,Etheostoma_gracile_A,detritus,M,-3.496013065545957,EMBR
gracile,Etheostoma_gracile_A,detritus,M,-3.5305257096103957,EMBR
gracile,Etheostoma_gracile_A,detritus,M,-2.893348120828087,EMBR
gracile,Etheostoma_gracile_A,detritus,M,-2.9137991017288973,EMBR
gracile,Etheostoma_gracile_A,detritus,M,-3.2168908958004727,EMBR
gracile,Etheostoma_gracile_A,detritus,M,-3.176133649575589,EMBR
gracile,Etheostoma_gracile_A,detritus,M,-2.9183207541236564,EMBR
gracile,Etheostoma_gracile_A,detritus,M,-2.918330663054461,EMBR
gracile,Etheostoma_gracile_A,detritus,F,-2.6539214576284706,UNKN
gracile,Etheostoma_gracile_A,detritus,F,-2.790661003238994,UNKN
gracile,Etheostoma_gracile_A,detritus,F,-2.8159751778183293,UNKN
gracile,Etheostoma_gracile_A,detritus,F,-2.7482148086649754,UNKN
gracile,Etheostoma_gracile_A,detritus,F,-3.031854936228726,UNKN
gracile,Etheostoma_gracile_A,detritus,F,-3.1644162484588008,UNKN
gracile,Etheostoma_gracile_A,detritus,F,-2.877800519798308,UNKN
gracile,Etheostoma_gracile_A,detritus,F,-2.7953522314615658,UNKN
gracile,Etheostoma_gracile_A,detritus,F,-3.3931768247805123,UNKN
gracile,Etheostoma_gracile_A,detritus,F,-3.207109185386315,UNKN
gracile,Etheostoma_gracile_A,detritus,M,-2.7759521042162487,UNKN
gracile,Etheostoma_gracile_A,detritus,M,-2.831399824172486,UNKN
gracile,Etheostoma_gracile_A,detritus,M,-2.91781571941606,UNKN
gracile,Etheostoma_gracile_A,detritus,M,-3.040182990050098,UNKN
gracile,Etheostoma_gracile_A,detritus,M,-3.1686178569851875,UNKN
gracile,Etheostoma_gracile_A,detritus,M,-3.0493248595879052,UNKN
gracile,Etheostoma_gracile_A,detritus,M,-3.1031329500172813,UNKN
gracile,Etheostoma_gracile_A,detritus,M,-2.873358902003109,UNKN
gracile,Etheostoma_gracile_A,detritus,M,-3.324213408092379,UNKN
gracile,Etheostoma_gracile_A,detritus,M,-3.2150215338893933,UNKN
gracile,Etheostoma_gracile_A,detritus,M,-3.068547418348945,UNKN
gracile,Etheostoma_gracile_A,detritus,M,-2.833549002909179,UNKN
gracile,Etheostoma_gracile_A,detritus,M,-2.9598501224028584,UNKN
gracile,Etheostoma_gracile_A,detritus,M,-2.8551957334557128,UNKN
gracile,Etheostoma_gracile_A,detritus,M,-2.6610739800595087,UNKN
gracile,Etheostoma_gracile_A,detritus,M,-2.67878396516662,UNKN
gracile,Etheostoma_gracile_A,detritus,M,-3.008049848854448,UNKN
gracile,Etheostoma_gracile_A,detritus,M,-2.8223324082465013,UNKN
gracile,Etheostoma_gracile_A,detritus,M,-2.864226427186603,UNKN
gracile,Etheostoma_gracile_A,detritus,M,-2.880864601441185,UNKN
gracile,Etheostoma_gracile_A,detritus,M,-2.7817411038688142,UNKN
gracile,Etheostoma_gracile_A,detritus,M,-2.7312759550287145,UNKN
olmstedi,Etheostoma_olmstedi_C,sand,F,-3.3843153901199194,PATX
olmstedi,Etheostoma_olmstedi_C,sand,F,-3.3008061671387927,PATX
olmstedi,Etheostoma_olmstedi_C,sand,F,-3.4854609699312054,PATX
olmstedi,Etheostoma_olmstedi_C,sand,F,-3.519160739938971,PATX
olmstedi,Etheostoma_olmstedi_C,sand,F,-3.453076595920866,PATX
olmstedi,Etheostoma_olmstedi_C,sand,F,-3.487710011765534,PATX
olmstedi,Etheostoma_olmstedi_C,sand,F,-3.575024822620893,PATX
olmstedi,Etheostoma_olmstedi_C,sand,F,-3.4665868123792523,PATX
olmstedi,Etheostoma_olmstedi_C,sand,F,-3.177451926502626,PATX
olmstedi,Etheostoma_olmstedi_C,sand,F,-3.152661557019933,PATX
olmstedi,Etheostoma_olmstedi_C,sand,F,-3.4485687370998233,PATX
olmstedi,Etheostoma_olmstedi_C,sand,F,-3.328711063503461,PATX
olmstedi,Etheostoma_olmstedi_C,sand,F,-3.3172564083242957,PATX
olmstedi,Etheostoma_olmstedi_C,sand,F,-3.376233686441851,PATX
olmstedi,Etheostoma_olmstedi_C,sand,F,-3.1984755487269374,PATX
olmstedi,Etheostoma_olmstedi_C,sand,F,-3.1195796028845146,PATX
olmstedi,Etheostoma_olmstedi_C,sand,F,-3.0003905778286053,PATX
olmstedi,Etheostoma_olmstedi_C,sand,F,-3.0680501396561373,PATX
olmstedi,Etheostoma_olmstedi_C,sand,F,-3.3601252083517705,PATX
olmstedi,Etheostoma_olmstedi_C,sand,F,-3.2601947617593967,PATX
olmstedi,Etheostoma_olmstedi_C,sand,F,-3.2033193558138118,PATX
olmstedi,Etheostoma_olmstedi_C,sand,F,-3.036143181653778,PATX
olmstedi,Etheostoma_olmstedi_C,sand,M,-3.2233426444578552,PATX
olmstedi,Etheostoma_olmstedi_C,sand,M,-3.1780947387962812,PATX
olmstedi,Etheostoma_olmstedi_C,sand,M,-3.2397386241861277,PATX
olmstedi,Etheostoma_olmstedi_C,sand,M,-3.099752355780156,PATX
olmstedi,Etheostoma_olmstedi_C,sand,M,-3.0128062555662187,PATX
olmstedi,Etheostoma_olmstedi_C,sand,M,-2.7860287997320117,PATX
olmstedi,Etheostoma_olmstedi_C,sand,M,-2.9296611177407863,PATX
olmstedi,Etheostoma_olmstedi_C,sand,M,-2.8884992014988917,PATX
olmstedi,Etheostoma_olmstedi_C,sand,M,-2.9785167565903277,PATX
olmstedi,Etheostoma_olmstedi_C,sand,M,-2.9743402499432636,PATX
olmstedi,Etheostoma_olmstedi_C,sand,M,-3.6255368261753946,PATX
olmstedi,Etheostoma_olmstedi_C,sand,M,-3.102555214480216,PATX
olmstedi,Etheostoma_olmstedi_C,sand,M,-2.9751350294460277,PATX
olmstedi,Etheostoma_olmstedi_C,sand,M,-3.19250668742465,PATX
olmstedi,Etheostoma_olmstedi_C,sand,M,-3.229875213532015,PATX
olmstedi,Etheostoma_olmstedi_C,sand,M,-3.0800274325442425,PATX
olmstedi,Etheostoma_olmstedi_C,sand,M,-3.1476870799309333,PATX
olmstedi,Etheostoma_olmstedi_C,sand,M,-2.9639330727310638,PATX
olmstedi,Etheostoma_olmstedi_C,sand,M,-3.078333386533562,PATX
olmstedi,Etheostoma_olmstedi_C,sand,M,-3.083880293561717,PATX
olmstedi,Etheostoma_olmstedi_C,sand,M,-2.939419025453248,PATX
olmstedi,Etheostoma_olmstedi_C,sand,M,-2.9406471855272747,PATX
olmstedi,Etheostoma_olmstedi_C,sand,F,-3.228216107004664,ROCK
olmstedi,Etheostoma_olmstedi_C,sand,F,-3.288927446476395,ROCK
olmstedi,Etheostoma_olmstedi_C,sand,F,-3.1249703569359624,ROCK
olmstedi,Etheostoma_olmstedi_C,sand,F,-3.1955913699534126,ROCK
olmstedi,Etheostoma_olmstedi_C,sand,F,-3.3757859660164846,ROCK
olmstedi,Etheostoma_olmstedi_C,sand,F,-3.6489475122710218,ROCK
olmstedi,Etheostoma_olmstedi_C,sand,F,-3.50197075881436,ROCK
olmstedi,Etheostoma_olmstedi_C,sand,F,-3.4686102802691203,ROCK
olmstedi,Etheostoma_olmstedi_C,sand,F,-3.6934644142890343,ROCK
olmstedi,Etheostoma_olmstedi_C,sand,F,-3.5265925336059603,ROCK
olmstedi,Etheostoma_olmstedi_C,sand,F,-3.609637330150156,ROCK
olmstedi,Etheostoma_olmstedi_C,sand,F,-3.4492667918660014,ROCK
olmstedi,Etheostoma_olmstedi_C,sand,F,-3.599949357804316,ROCK
olmstedi,Etheostoma_olmstedi_C,sand,F,-3.8612523658469877,ROCK
olmstedi,Etheostoma_olmstedi_C,sand,F,-3.4502108532713938,ROCK
olmstedi,Etheostoma_olmstedi_C,sand,F,-3.3636134672137064,ROCK
olmstedi,Etheostoma_olmstedi_C,sand,F,-3.56645837085487,ROCK
olmstedi,Etheostoma_olmstedi_C,sand,F,-3.4380456865871576,ROCK
olmstedi,Etheostoma_olmstedi_C,sand,F,-3.4427513450447544,ROCK
olmstedi,Etheostoma_olmstedi_C,sand,F,-3.51029977185752,ROCK
olmstedi,Etheostoma_olmstedi_C,sand,F,-3.6002173014159706,ROCK
olmstedi,Etheostoma_olmstedi_C,sand,F,-3.3783599798307677,ROCK
olmstedi,Etheostoma_olmstedi_C,sand,M,-3.1563385910387343,ROCK
olmstedi,Etheostoma_olmstedi_C,sand,M,-3.0766191426937954,ROCK
olmstedi,Etheostoma_olmstedi_C,sand,M,-3.3109736053685075,ROCK
olmstedi,Etheostoma_olmstedi_C,sand,M,-3.3102620251435524,ROCK
olmstedi,Etheostoma_olmstedi_C,sand,M,-2.99569383303729,ROCK
olmstedi,Etheostoma_olmstedi_C,sand,M,-2.8331630841263062,ROCK
olmstedi,Etheostoma_olmstedi_C,sand,M,-3.3000302253982796,ROCK
olmstedi,Etheostoma_olmstedi_C,sand,M,-3.2280494907897745,ROCK
olmstedi,Etheostoma_olmstedi_C,sand,M,-2.8565455192076628,ROCK
olmstedi,Etheostoma_olmstedi_C,sand,M,-2.782810635924708,ROCK
olmstedi,Etheostoma_olmstedi_C,sand,M,-3.0219491442782016,ROCK
olmstedi,Etheostoma_olmstedi_C,sand,M,-3.1385912336122814,ROCK
olmstedi,Etheostoma_olmstedi_C,sand,M,-2.9479023488175615,ROCK
olmstedi,Etheostoma_olmstedi_C,sand,M,-2.8229620309462766,ROCK
olmstedi,Etheostoma_olmstedi_C,sand,M,-3.0592727422416144,ROCK
olmstedi,Etheostoma_olmstedi_C,sand,M,-2.962236355455248,ROCK
olmstedi,Etheostoma_olmstedi_C,sand,M,-2.5872693099676813,ROCK
olmstedi,Etheostoma_olmstedi_C,sand,M,-2.5225392637428645,ROCK
pyrrhogaster,Etheostoma_pyrrhogaster_A,sand,F,-3.6787405301844243,OTCK
pyrrhogaster,Etheostoma_pyrrhogaster_A,sand,F,-3.7018365514612355,OTCK
pyrrhogaster,Etheostoma_pyrrhogaster_A,sand,F,-2.691461700686691,OTCK
pyrrhogaster,Etheostoma_pyrrhogaster_A,sand,F,-2.9343689976651226,OTCK
pyrrhogaster,Etheostoma_pyrrhogaster_A,sand,F,-3.134095274210172,OTCK
pyrrhogaster,Etheostoma_pyrrhogaster_A,sand,F,-3.382118124346092,OTCK
pyrrhogaster,Etheostoma_pyrrhogaster_A,sand,F,-3.069386399968294,OTCK
pyrrhogaster,Etheostoma_pyrrhogaster_A,sand,F,-3.392571555330054,OTCK
pyrrhogaster,Etheostoma_pyrrhogaster_A,sand,F,-3.3775205424350796,OTCK
pyrrhogaster,Etheostoma_pyrrhogaster_A,sand,F,-3.347774801425298,OTCK
pyrrhogaster,Etheostoma_pyrrhogaster_A,sand,F,-3.561753646725143,OTCK
pyrrhogaster,Etheostoma_pyrrhogaster_A,sand,F,-3.633782574868881,OTCK
pyrrhogaster,Etheostoma_pyrrhogaster_A,sand,F,-2.9545248881961004,OTCK
pyrrhogaster,Etheostoma_pyrrhogaster_A,sand,F,-2.8464561432808173,OTCK
pyrrhogaster,Etheostoma_pyrrhogaster_A,sand,F,-2.9718504199286953,OTCK
pyrrhogaster,Etheostoma_pyrrhogaster_A,sand,F,-3.0561052309821757,OTCK
pyrrhogaster,Etheostoma_pyrrhogaster_A,sand,F,-3.6136730101498573,OTCK
pyrrhogaster,Etheostoma_pyrrhogaster_A,sand,F,-3.4912339870945592,OTCK
pyrrhogaster,Etheostoma_pyrrhogaster_A,sand,F,-3.103881838078169,OTCK
pyrrhogaster,Etheostoma_pyrrhogaster_A,sand,F,-3.1852235441096504,OTCK
pyrrhogaster,Etheostoma_pyrrhogaster_A,sand,F,-2.9320437065243175,OTCK
pyrrhogaster,Etheostoma_pyrrhogaster_A,sand,F,-2.95680228064363,OTCK
pyrrhogaster,Etheostoma_pyrrhogaster_A,sand,M,-2.5426924062948215,OTCK
pyrrhogaster,Etheostoma_pyrrhogaster_A,sand,M,-2.491580959214335,OTCK
pyrrhogaster,Etheostoma_pyrrhogaster_A,sand,M,-2.831351343992248,OTCK
pyrrhogaster,Etheostoma_pyrrhogaster_A,sand,M,-2.9458452701907465,OTCK
pyrrhogaster,Etheostoma_pyrrhogaster_A,sand,M,-2.379202870480286,OTCK
pyrrhogaster,Etheostoma_pyrrhogaster_A,sand,M,-2.390054699842921,OTCK
pyrrhogaster,Etheostoma_pyrrhogaster_A,sand,M,-1.9224610364527122,OTCK
pyrrhogaster,Etheostoma_pyrrhogaster_A,sand,M,-1.892937554502629,OTCK
pyrrhogaster,Etheostoma_pyrrhogaster_A,sand,M,-2.5654327821913725,OTCK
pyrrhogaster,Etheostoma_pyrrhogaster_A,sand,M,-2.4592304124242426,OTCK
pyrrhogaster,Etheostoma_pyrrhogaster_A,sand,M,-2.507108314473323,OTCK
pyrrhogaster,Etheostoma_pyrrhogaster_A,sand,M,-2.4337443444262035,OTCK
pyrrhogaster,Etheostoma_pyrrhogaster_A,sand,M,-2.8143524625530154,OTCK
pyrrhogaster,Etheostoma_pyrrhogaster_A,sand,M,-2.4897885938051743,OTCK
pyrrhogaster,Etheostoma_pyrrhogaster_A,sand,M,-2.2682207286061313,OTCK
pyrrhogaster,Etheostoma_pyrrhogaster_A,sand,M,-2.5789714724852546,OTCK
pyrrhogaster,Etheostoma_pyrrhogaster_A,sand,M,-2.789058242566703,OTCK
pyrrhogaster,Etheostoma_pyrrhogaster_A,sand,M,-2.273034190386307,OTCK
pyrrhogaster,Etheostoma_pyrrhogaster_A,sand,M,-2.0616188659161505,OTCK
pyrrhogaster,Etheostoma_pyrrhogaster_A,sand,M,-2.485449036123993,OTCK
pyrrhogaster,Etheostoma_pyrrhogaster_A,sand,M,-3.1661646611885335,OTCK
pyrrhogaster,Etheostoma_pyrrhogaster_A,sand,M,-2.7712336096482475,OTCK
pyrrhogaster,Etheostoma_pyrrhogaster_A,sand,F,-3.3443436056998936,SDCK
pyrrhogaster,Etheostoma_pyrrhogaster_A,sand,F,-2.84689306927032,SDCK
pyrrhogaster,Etheostoma_pyrrhogaster_A,sand,F,-3.193922005228644,SDCK
pyrrhogaster,Etheostoma_pyrrhogaster_A,sand,F,-3.2897993949716047,SDCK
pyrrhogaster,Etheostoma_pyrrhogaster_A,sand,F,-2.7235438112681756,SDCK
pyrrhogaster,Etheostoma_pyrrhogaster_A,sand,F,-2.8870573297767934,SDCK
pyrrhogaster,Etheostoma_pyrrhogaster_A,sand,F,-3.2817266176163082,SDCK
pyrrhogaster,Etheostoma_pyrrhogaster_A,sand,F,-2.8777202836522826,SDCK
pyrrhogaster,Etheostoma_pyrrhogaster_A,sand,F,-3.0441038132977085,SDCK
pyrrhogaster,Etheostoma_pyrrhogaster_A,sand,F,-3.0056872321162507,SDCK
pyrrhogaster,Etheostoma_pyrrhogaster_A,sand,F,-3.011258624936323,SDCK
pyrrhogaster,Etheostoma_pyrrhogaster_A,sand,F,-3.017513434008119,SDCK
pyrrhogaster,Etheostoma_pyrrhogaster_A,sand,F,-3.1680577250784947,SDCK
pyrrhogaster,Etheostoma_pyrrhogaster_A,sand,F,-3.1836515263678216,SDCK
pyrrhogaster,Etheostoma_pyrrhogaster_A,sand,F,-3.496904271474249,SDCK
pyrrhogaster,Etheostoma_pyrrhogaster_A,sand,F,-3.748937999352681,SDCK
pyrrhogaster,Etheostoma_pyrrhogaster_A,sand,F,-3.034838525295702,SDCK
pyrrhogaster,Etheostoma_pyrrhogaster_A,sand,F,-3.0128788500723513,SDCK
pyrrhogaster,Etheostoma_pyrrhogaster_A,sand,F,-2.991753007408416,SDCK
pyrrhogaster,Etheostoma_pyrrhogaster_A,sand,F,-3.137252816207663,SDCK
pyrrhogaster,Etheostoma_pyrrhogaster_A,sand,F,-2.9412340814187234,SDCK
pyrrhogaster,Etheostoma_pyrrhogaster_A,sand,F,-2.9178763647796906,SDCK
pyrrhogaster,Etheostoma_pyrrhogaster_A,sand,F,-3.3470535902886227,SDCK
pyrrhogaster,Etheostoma_pyrrhogaster_A,sand,F,-3.440559497397483,SDCK
pyrrhogaster,Etheostoma_pyrrhogaster_A,sand,M,-2.3844938894515617,SDCK
pyrrhogaster,Etheostoma_pyrrhogaster_A,sand,M,-2.656744913574639,SDCK
pyrrhogaster,Etheostoma_pyrrhogaster_A,sand,M,-2.5880167081307883,SDCK
pyrrhogaster,Etheostoma_pyrrhogaster_A,sand,M,-2.7190020410740074,SDCK
pyrrhogaster,Etheostoma_pyrrhogaster_A,sand,M,-2.4129033380149925,SDCK
pyrrhogaster,Etheostoma_pyrrhogaster_A,sand,M,-2.523549005092765,SDCK
pyrrhogaster,Etheostoma_pyrrhogaster_A,sand,M,-2.9075948772731133,SDCK
pyrrhogaster,Etheostoma_pyrrhogaster_A,sand,M,-2.911312946025917,SDCK
pyrrhogaster,Etheostoma_pyrrhogaster_A,sand,M,-2.812835116853479,SDCK
pyrrhogaster,Etheostoma_pyrrhogaster_A,sand,M,-2.86641645191642,SDCK
pyrrhogaster,Etheostoma_pyrrhogaster_A,sand,M,-3.184757630415707,SDCK
pyrrhogaster,Etheostoma_pyrrhogaster_A,sand,M,-3.179084772212587,SDCK
pyrrhogaster,Etheostoma_pyrrhogaster_A,sand,M,-2.875595907370877,SDCK
pyrrhogaster,Etheostoma_pyrrhogaster_A,sand,M,-3.0686065544481473,SDCK
pyrrhogaster,Etheostoma_pyrrhogaster_A,sand,M,-2.602275964226781,SDCK
pyrrhogaster,Etheostoma_pyrrhogaster_A,sand,M,-2.6065421975080683,SDCK
pyrrhogaster,Etheostoma_pyrrhogaster_A,sand,M,-2.8215808299025746,SDCK
pyrrhogaster,Etheostoma_pyrrhogaster_A,sand,M,-3.09083381941343,SDCK
pyrrhogaster,Etheostoma_pyrrhogaster_A,sand,M,-3.1321863378613863,SDCK
pyrrhogaster,Etheostoma_pyrrhogaster_A,sand,M,-3.1246058234563936,SDCK
pyrrhogaster,Etheostoma_pyrrhogaster_A,sand,M,-2.9510147627307752,SDCK
pyrrhogaster,Etheostoma_pyrrhogaster_A,sand,M,-2.722103097431571,SDCK
pyrrhogaster,Etheostoma_pyrrhogaster_A,sand,M,-3.171827872535913,SDCK
pyrrhogaster,Etheostoma_pyrrhogaster_A,sand,M,-2.9433408231117095,SDCK
swaini,Etheostoma_swaini_A,detritus,F,-3.4598822022389997,BGCH
swaini,Etheostoma_swaini_A,detritus,F,-3.253935404816575,BGCH
swaini,Etheostoma_swaini_A,detritus,F,-3.0195601007766757,BGCH
swaini,Etheostoma_swaini_A,detritus,F,-2.89817075054718,BGCH
swaini,Etheostoma_swaini_A,detritus,F,-3.0455069528401544,BGCH
swaini,Etheostoma_swaini_A,detritus,F,-3.1582151403687444,BGCH
swaini,Etheostoma_swaini_A,detritus,F,-3.109969308982107,BGCH
swaini,Etheostoma_swaini_A,detritus,F,-3.167647116550898,BGCH
swaini,Etheostoma_swaini_A,detritus,F,-3.1075738811126037,BGCH
swaini,Etheostoma_swaini_A,detritus,F,-3.175726599197604,BGCH
swaini,Etheostoma_swaini_A,detritus,F,-3.569003353841551,BGCH
swaini,Etheostoma_swaini_A,detritus,F,-3.4138492390258355,BGCH
swaini,Etheostoma_swaini_A,detritus,F,-3.1663238988409996,BGCH
swaini,Etheostoma_swaini_A,detritus,F,-3.256221014714733,BGCH
swaini,Etheostoma_swaini_A,detritus,F,-3.5299292387504115,BGCH
swaini,Etheostoma_swaini_A,detritus,F,-3.8537961550823128,BGCH
swaini,Etheostoma_swaini_A,detritus,F,-3.382051983535742,BGCH
swaini,Etheostoma_swaini_A,detritus,F,-3.3235727969788242,BGCH
swaini,Etheostoma_swaini_A,detritus,F,-3.2361703244530586,BGCH
swaini,Etheostoma_swaini_A,detritus,F,-3.2545392258920307,BGCH
swaini,Etheostoma_swaini_A,detritus,F,-3.884311503985139,BGCH
swaini,Etheostoma_swaini_A,detritus,F,-3.7937686061589107,BGCH
swaini,Etheostoma_swaini_A,detritus,M,-3.3995583970893692,BGCH
swaini,Etheostoma_swaini_A,detritus,M,-3.290574854288926,BGCH
swaini,Etheostoma_swaini_A,detritus,M,-3.508702996687456,BGCH
swaini,Etheostoma_swaini_A,detritus,M,-3.483406866072766,BGCH
swaini,Etheostoma_swaini_A,detritus,M,-3.0195378457488147,BGCH
swaini,Etheostoma_swaini_A,detritus,M,-2.8374871926368663,BGCH
swaini,Etheostoma_swaini_A,detritus,M,-2.888831121950375,BGCH
swaini,Etheostoma_swaini_A,detritus,M,-2.858918541970524,BGCH
swaini,Etheostoma_swaini_A,detritus,M,-2.7383949849935436,BGCH
swaini,Etheostoma_swaini_A,detritus,M,-2.772100252607533,BGCH
swaini,Etheostoma_swaini_A,detritus,M,-2.8889884981124236,BGCH
swaini,Etheostoma_swaini_A,detritus,M,-2.828229896305849,BGCH
swaini,Etheostoma_swaini_A,detritus,M,-2.9749153452193187,BGCH
swaini,Etheostoma_swaini_A,detritus,M,-2.921438258539745,BGCH
swaini,Etheostoma_swaini_A,detritus,M,-3.3675975577916177,BGCH
swaini,Etheostoma_swaini_A,detritus,M,-3.342940899544869,BGCH
swaini,Etheostoma_swaini_A,detritus,M,-3.0723230930772303,BGCH
swaini,Etheostoma_swaini_A,detritus,M,-3.1314853072418187,BGCH
swaini,Etheostoma_swaini_A,detritus,M,-2.9025784382560165,BGCH
swaini,Etheostoma_swaini_A,detritus,M,-2.884136925078256,BGCH
swaini,Etheostoma_swaini_A,detritus,M,-3.185806231060613,BGCH
swaini,Etheostoma_swaini_A,detritus,M,-3.1309794611770587,BGCH
swaini,Etheostoma_swaini_A,detritus,M,-3.22174859839451,BGCH
swaini,Etheostoma_swaini_A,detritus,M,-3.001389158820929,BGCH
swaini,Etheostoma_swaini_A,detritus,F,-3.662681399446477,MYRC
swaini,Etheostoma_swaini_A,detritus,F,-3.478350197865501,MYRC
swaini,Etheostoma_swaini_A,detritus,F,-3.4564290475074424,MYRC
swaini,Etheostoma_swaini_A,detritus,F,-3.2013394913162405,MYRC
swaini,Etheostoma_swaini_A,detritus,F,-3.4815627306843733,MYRC
swaini,Etheostoma_swaini_A,detritus,F,-3.457106353134961,MYRC
swaini,Etheostoma_swaini_A,detritus,F,-3.359843358788507,MYRC
swaini,Etheostoma_swaini_A,detritus,F,-3.363179736749083,MYRC
swaini,Etheostoma_swaini_A,detritus,F,-3.3569747382805906,MYRC
swaini,Etheostoma_swaini_A,detritus,F,-3.3879770691671856,MYRC
swaini,Etheostoma_swaini_A,detritus,M,-2.8446245589883135,MYRC
swaini,Etheostoma_swaini_A,detritus,M,-3.043749652439047,MYRC
swaini,Etheostoma_swaini_A,detritus,M,-3.302723762204665,MYRC
swaini,Etheostoma_swaini_A,detritus,M,-3.2324303976802047,MYRC
swaini,Etheostoma_swaini_A,detritus,M,-3.209857007782738,MYRC
swaini,Etheostoma_swaini_A,detritus,M,-2.80329841467673,MYRC
swaini,Etheostoma_swaini_A,detritus,M,-2.914166970078568,MYRC
swaini,Etheostoma_swaini_A,detritus,M,-2.9050785058894473,MYRC
swaini,Etheostoma_swaini_A,detritus,M,-3.036633415820457,MYRC
swaini,Etheostoma_swaini_A,detritus,M,-3.1407800243699153,MYRC
swaini,Etheostoma_swaini_A,detritus,M,-2.9597602521010478,MYRC
swaini,Etheostoma_swaini_A,detritus,M,-2.781671624344252,MYRC
swaini,Etheostoma_swaini_A,detritus,M,-3.2930561467321673,MYRC
swaini,Etheostoma_swaini_A,detritus,M,-3.1999683670119983,MYRC
swaini,Etheostoma_swaini_A,detritus,M,-2.728514576166751,MYRC
swaini,Etheostoma_swaini_A,detritus,M,-2.837750606661977,MYRC
swaini,Etheostoma_swaini_A,detritus,M,-3.302450347635234,MYRC
swaini,Etheostoma_swaini_A,detritus,M,-3.3105241630665585,MYRC
swaini,Etheostoma_swaini_A,detritus,M,-3.231906146229782,MYRC
swaini,Etheostoma_swaini_A,detritus,M,-3.331487778907628,MYRC
swaini,Etheostoma_swaini_A,detritus,M,-3.2728341417743416,MYRC
swaini,Etheostoma_swaini_A,detritus,M,-3.1446970232071965,MYRC
swaini,Etheostoma_swaini_A,detritus,F,-3.4504356680966675,SCRB
swaini,Etheostoma_swaini_A,detritus,F,-3.401202664049415,SCRB
swaini,Etheostoma_swaini_A,detritus,F,-3.4135424961035477,SCRB
swaini,Etheostoma_swaini_A,detritus,F,-3.2660239281549535,SCRB
swaini,Etheostoma_swaini_A,detritus,F,-3.1016513914264228,SCRB
swaini,Etheostoma_swaini_A,detritus,F,-3.2544698712037476,SCRB
swaini,Etheostoma_swaini_A,detritus,F,-3.1832937875812837,SCRB
swaini,Etheostoma_swaini_A,detritus,F,-3.1735276008938427,SCRB
swaini,Etheostoma_swaini_A,detritus,F,-3.274069149487168,SCRB
swaini,Etheostoma_swaini_A,detritus,F,-3.4515853165957266,SCRB
swaini,Etheostoma_swaini_A,detritus,F,-3.5178096101383294,SCRB
swaini,Etheostoma_swaini_A,detritus,F,-3.4287037730126335,SCRB
swaini,Etheostoma_swaini_A,detritus,F,-3.1840680938810855,SCRB
swaini,Etheostoma_swaini_A,detritus,F,-3.2735937190128923,SCRB
swaini,Etheostoma_swaini_A,detritus,F,-3.3732236392702903,SCRB
swaini,Etheostoma_swaini_A,detritus,F,-3.290832825845509,SCRB
swaini,Etheostoma_swaini_A,detritus,F,-3.356895255710746,SCRB
swaini,Etheostoma_swaini_A,detritus,F,-3.5949267704531245,SCRB
swaini,Etheostoma_swaini_A,detritus,F,-3.084697343464575,SCRB
swaini,Etheostoma_swaini_A,detritus,F,-3.159431718320855,SCRB
swaini,Etheostoma_swaini_A,detritus,F,-3.0492948303814047,SCRB
swaini,Etheostoma_swaini_A,detritus,F,-3.1218573493087103,SCRB
swaini,Etheostoma_swaini_A,detritus,M,-3.0895760208394707,SCRB
swaini,Etheostoma_swaini_A,detritus,M,-3.135905378571553,SCRB
swaini,Etheostoma_swaini_A,detritus,M,-2.808950466721812,SCRB
swaini,Etheostoma_swaini_A,detritus,M,-2.995869782972742,SCRB
swaini,Etheostoma_swaini_A,detritus,M,-3.1101535835866323,SCRB
swaini,Etheostoma_swaini_A,detritus,M,-3.3564842278399367,SCRB
swaini,Etheostoma_swaini_A,detritus,M,-2.8686151886291205,SCRB
swaini,Etheostoma_swaini_A,detritus,M,-2.8366061615624876,SCRB
swaini,Etheostoma_swaini_A,detritus,M,-3.4376274830847118,SCRB
swaini,Etheostoma_swaini_A,detritus,M,-3.3773567529516266,SCRB
swaini,Etheostoma_swaini_A,detritus,M,-3.13886088801859,SCRB
swaini,Etheostoma_swaini_A,detritus,M,-3.317687599418276,SCRB
swaini,Etheostoma_swaini_A,detritus,M,-3.034415187169605,SCRB
swaini,Etheostoma_swaini_A,detritus,M,-3.350614873128364,SCRB
swaini,Etheostoma_swaini_A,detritus,M,-2.936135854899461,SCRB
swaini,Etheostoma_swaini_A,detritus,M,-2.9876872355981887,SCRB
swaini,Etheostoma_swaini_A,detritus,M,-2.8789765398205196,SCRB
swaini,Etheostoma_swaini_A,detritus,M,-3.0491667197573418,SCRB
swaini,Etheostoma_swaini_A,detritus,M,-3.6048955380764784,SCRB
swaini,Etheostoma_swaini_A,detritus,M,-3.281368356896137,SCRB
swaini,Etheostoma_swaini_A,detritus,M,-3.011438492330169,SCRB
swaini,Etheostoma_swaini_A,detritus,M,-3.040902792850715,SCRB
swaini,Etheostoma_swaini_A,detritus,M,-3.2561114366918247,SCRB
swaini,Etheostoma_swaini_A,detritus,M,-3.1027968720124637,SCRB
zonale,Etheostoma_zonale_A,gravel,F,-3.180027894670681,FRCT
zonale,Etheostoma_zonale_A,gravel,F,-3.27375272660284,FRCT
zonale,Etheostoma_zonale_A,gravel,F,-3.1654946043285066,FRCT
zonale,Etheostoma_zonale_A,gravel,F,-2.9296818725585427,FRCT
zonale,Etheostoma_zonale_A,gravel,F,-3.114388444217027,FRCT
zonale,Etheostoma_zonale_A,gravel,F,-3.123761896357083,FRCT
zonale,Etheostoma_zonale_A,gravel,F,-2.8783977889672174,FRCT
zonale,Etheostoma_zonale_A,gravel,F,-2.860413334900804,FRCT
zonale,Etheostoma_zonale_A,gravel,F,-3.006079925152052,FRCT
zonale,Etheostoma_zonale_A,gravel,F,-2.897595497330861,FRCT
zonale,Etheostoma_zonale_A,gravel,F,-2.9717795564301204,FRCT
zonale,Etheostoma_zonale_A,gravel,F,-2.9596075700791658,FRCT
zonale,Etheostoma_zonale_A,gravel,F,-3.613775427404918,FRCT
zonale,Etheostoma_zonale_A,gravel,F,-3.5492659192834237,FRCT
zonale,Etheostoma_zonale_A,gravel,M,-3.0145323498301,FRCT
zonale,Etheostoma_zonale_A,gravel,M,-3.0402983893338416,FRCT
zonale,Etheostoma_zonale_A,gravel,M,-2.9551655420894463,FRCT
zonale,Etheostoma_zonale_A,gravel,M,-3.1270263353679466,FRCT
zonale,Etheostoma_zonale_A,gravel,M,-3.2933194418472262,FRCT
zonale,Etheostoma_zonale_A,gravel,M,-3.175867352665947,FRCT
zonale,Etheostoma_zonale_A,gravel,M,-2.8453437357734526,FRCT
zonale,Etheostoma_zonale_A,gravel,M,-2.9424842925980617,FRCT
zonale,Etheostoma_zonale_A,gravel,M,-3.0797054220152162,FRCT
zonale,Etheostoma_zonale_A,gravel,M,-3.3592048954485842,FRCT
zonale,Etheostoma_zonale_A,gravel,M,-3.498197193106715,FRCT
zonale,Etheostoma_zonale_A,gravel,M,-3.3890436205887675,FRCT
zonale,Etheostoma_zonale_A,gravel,M,-2.7752288721836487,FRCT
zonale,Etheostoma_zonale_A,gravel,M,-2.8896893233640286,FRCT
zonale,Etheostoma_zonale_A,gravel,M,-3.0049220676056256,FRCT
zonale,Etheostoma_zonale_A,gravel,M,-2.9621501173383065,FRCT
zonale,Etheostoma_zonale_A,gravel,M,-3.3175005145147693,FRCT
zonale,Etheostoma_zonale_A,gravel,M,-3.349472213883016,FRCT
zonale,Etheostoma_zonale_A,gravel,M,-3.3526185692340276,FRCT
zonale,Etheostoma_zonale_A,gravel,M,-3.3481487504313012,FRCT
zonale,Etheostoma_zonale_A,gravel,M,-3.229199884478463,FRCT
zonale,Etheostoma_zonale_A,gravel,M,-3.153714533352045,FRCT
zonale,Etheostoma_zonale_A,gravel,M,-2.6761513574426052,FRCT
zonale,Etheostoma_zonale_A,gravel,M,-2.4982764933683526,FRCT
zonale,Etheostoma_zonale_A,gravel,M,-2.9474624939195566,FRCT
zonale,Etheostoma_zonale_A,gravel,M,-2.895014997000882,FRCT
zonale,Etheostoma_zonale_A,gravel,M,-2.9846027233993557,FRCT
zonale,Etheostoma_zonale_A,gravel,M,-3.1292547742844747,FRCT
zonale,Etheostoma_zonale_A,gravel,M,-2.9345661972516925,FRCT
zonale,Etheostoma_zonale_A,gravel,M,-3.244655928312828,FRCT
zonale,Etheostoma_zonale_A,gravel,M,-3.2130279343300407,FRCT
zonale,Etheostoma_zonale_A,gravel,M,-3.0877996574784086,FRCT
zonale,Etheostoma_zonale_A,gravel,M,-3.097985884114406,FRCT
zonale,Etheostoma_zonale_A,gravel,M,-2.85059575131182,FRCT
zonale,Etheostoma_zonale_A,gravel,F,-3.154133843241855,LNCK
zonale,Etheostoma_zonale_A,gravel,F,-3.080535252365704,LNCK
zonale,Etheostoma_zonale_A,gravel,F,-3.7417293759328745,LNCK
zonale,Etheostoma_zonale_A,gravel,F,-3.8134285464413504,LNCK
zonale,Etheostoma_zonale_A,gravel,F,-3.192728299185082,LNCK
zonale,Etheostoma_zonale_A,gravel,F,-3.245834990950317,LNCK
zonale,Etheostoma_zonale_A,gravel,F,-2.335870388044222,LNCK
zonale,Etheostoma_zonale_A,gravel,F,-2.0152765760983145,LNCK
zonale,Etheostoma_zonale_A,gravel,F,-3.3267448382215785,LNCK
zonale,Etheostoma_zonale_A,gravel,F,-3.3396861186932583,LNCK
zonale,Etheostoma_zonale_A,gravel,F,-3.4102557265278284,LNCK
zonale,Etheostoma_zonale_A,gravel,F,-3.505834699023073,LNCK
zonale,Etheostoma_zonale_A,gravel,F,-3.7872951226249034,LNCK
zonale,Etheostoma_zonale_A,gravel,F,-3.5581949564875015,LNCK
zonale,Etheostoma_zonale_A,gravel,F,-3.4200713867239214,LNCK
zonale,Etheostoma_zonale_A,gravel,F,-3.609686889327217,LNCK
zonale,Etheostoma_zonale_A,gravel,F,-3.416159757335263,LNCK
zonale,Etheostoma_zonale_A,gravel,F,-3.538418690267221,LNCK
zonale,Etheostoma_zonale_A,gravel,F,-3.726961260928842,LNCK
zonale,Etheostoma_zonale_A,gravel,F,-3.805812392968004,LNCK
zonale,Etheostoma_zonale_A,gravel,F,-2.320919737748765,LNCK
zonale,Etheostoma_zonale_A,gravel,F,-2.555126132332991,LNCK
zonale,Etheostoma_zonale_A,gravel,F,-3.252405324201934,LNCK
zonale,Etheostoma_zonale_A,gravel,F,-3.179431440510287,LNCK
zonale,Etheostoma_zonale_A,gravel,F,-3.4885970410783904,LNCK
zonale,Etheostoma_zonale_A,gravel,F,-3.874117284833416,LNCK
zonale,Etheostoma_zonale_A,gravel,F,-3.444729803597257,LNCK
zonale,Etheostoma_zonale_A,gravel,F,-3.3912053985483572,LNCK
zonale,Etheostoma_zonale_A,gravel,F,-2.979632660804613,LNCK
zonale,Etheostoma_zonale_A,gravel,F,-3.158961123574545,LNCK
zonale,Etheostoma_zonale_A,gravel,M,-3.098959748110061,LNCK
zonale,Etheostoma_zonale_A,gravel,M,-3.444554310216255,LNCK
zonale,Etheostoma_zonale_A,gravel,M,-3.3739038648387045,LNCK
zonale,Etheostoma_zonale_A,gravel,M,-3.3112988684456943,LNCK
zonale,Etheostoma_zonale_A,gravel,M,-3.0090079005242636,LNCK
zonale,Etheostoma_zonale_A,gravel,M,-2.658341230682903,LNCK
zonale,Etheostoma_zonale_A,gravel,M,-2.720476332646576,LNCK
zonale,Etheostoma_zonale_A,gravel,M,-3.0591200615466554,LNCK
zonale,Etheostoma_zonale_A,gravel,M,-3.1431167306108563,LNCK
zonale,Etheostoma_zonale_A,gravel,M,-3.3519386639593822,LNCK
zonale,Etheostoma_zonale_A,gravel,M,-3.174746424705888,LNCK
zonale,Etheostoma_zonale_A,gravel,M,-3.121759035244182,LNCK
zonale,Etheostoma_zonale_A,gravel,M,-3.0878018578381203,LNCK
zonale,Etheostoma_zonale_A,gravel,M,-3.179139683731991,LNCK
zonale,Etheostoma_zonale_A,gravel,M,-3.2732314384116257,LNCK
zonale,Etheostoma_zonale_A,gravel,M,-3.2636543412101413,LNCK
zonale,Etheostoma_zonale_A,gravel,M,-3.617791705966636,LNCK
zonale,Etheostoma_zonale_A,gravel,M,-3.5017844496043664,LNCK
zonale,Etheostoma_zonale_A,gravel,M,-3.293921418038927,LNCK
zonale,Etheostoma_zonale_A,gravel,M,-3.08912301199189,LNCK
zonale,Etheostoma_zonale_A,gravel,F,-3.164629518913924,MFKR
zonale,Etheostoma_zonale_A,gravel,F,-3.4958832022816613,MFKR
zonale,Etheostoma_zonale_A,gravel,F,-3.213758799701699,MFKR
zonale,Etheostoma_zonale_A,gravel,F,-3.3071815841110133,MFKR
zonale,Etheostoma_zonale_A,gravel,F,-3.367048089336508,MFKR
zonale,Etheostoma_zonale_A,gravel,F,-3.4852303832871416,MFKR
zonale,Etheostoma_zonale_A,gravel,F,-3.5334027367613112,MFKR
zonale,Etheostoma_zonale_A,gravel,F,-3.523099880949135,MFKR
zonale,Etheostoma_zonale_A,gravel,F,-3.2252821826430047,MFKR
zonale,Etheostoma_zonale_A,gravel,F,-3.1190934107171757,MFKR
zonale,Etheostoma_zonale_A,gravel,F,-3.348210388482067,MFKR
zonale,Etheostoma_zonale_A,gravel,F,-3.255677177396669,MFKR
zonale,Etheostoma_zonale_A,gravel,F,-3.7479760634350203,MFKR
zonale,Etheostoma_zonale_A,gravel,F,-3.201103331352546,MFKR
zonale,Etheostoma_zonale_A,gravel,F,-3.3872958911461866,MFKR
zonale,Etheostoma_zonale_A,gravel,F,-3.385696387139331,MFKR
zonale,Etheostoma_zonale_A,gravel,F,-3.330611580034409,MFKR
zonale,Etheostoma_zonale_A,gravel,F,-3.186322130710486,MFKR
zonale,Etheostoma_zonale_A,gravel,F,-3.1458035288114305,MFKR
zonale,Etheostoma_zonale_A,gravel,F,-3.296904264364952,MFKR
zonale,Etheostoma_zonale_A,gravel,F,-3.360784377391222,MFKR
zonale,Etheostoma_zonale_A,gravel,F,-3.267897339392294,MFKR
zonale,Etheostoma_zonale_A,gravel,F,-3.210664778369113,MFKR
zonale,Etheostoma_zonale_A,gravel,F,-3.4202640895409955,MFKR
zonale,Etheostoma_zonale_A,gravel,M,-3.26949984480385,MFKR
zonale,Etheostoma_zonale_A,gravel,M,-3.119168437313596,MFKR
zonale,Etheostoma_zonale_A,gravel,M,-3.622968382941744,MFKR
zonale,Etheostoma_zonale_A,gravel,M,-3.466687009695998,MFKR
zonale,Etheostoma_zonale_A,gravel,M,-3.019064497782993,MFKR
zonale,Etheostoma_zonale_A,gravel,M,-3.0236250358494163,MFKR
zonale,Etheostoma_zonale_A,gravel,M,-3.1346723606787323,MFKR
zonale,Etheostoma_zonale_A,gravel,M,-3.3329607512984403,MFKR
zonale,Etheostoma_zonale_A,gravel,M,-2.725411399819234,MFKR
zonale,Etheostoma_zonale_A,gravel,M,-3.1736862528272534,MFKR
zonale,Etheostoma_zonale_A,gravel,M,-2.921578658254488,MFKR
zonale,Etheostoma_zonale_A,gravel,M,-2.7460583347432426,MFKR
zonale,Etheostoma_zonale_A,gravel,M,-3.011973648207997,MFKR
zonale,Etheostoma_zonale_A,gravel,M,-3.578309745037681,MFKR
zonale,Etheostoma_zonale_A,gravel,M,-2.7959618104434183,MFKR
zonale,Etheostoma_zonale_A,gravel,M,-2.9193249581973366,MFKR
zonale,Etheostoma_zonale_A,gravel,M,-2.8299529638715786,MFKR
zonale,Etheostoma_zonale_A,gravel,M,-2.776148803540634,MFKR
zonale,Etheostoma_zonale_A,gravel,M,-2.7991868194279497,MFKR
zonale,Etheostoma_zonale_A,gravel,M,-2.644679891592511,MFKR
