Image_path,filename,folder,img_height,img_width,image_exension,fish_n,habitat,color_control,tv_loss,layers,type,species,sex
/home/durrmeyer/Images/StyleTransferImages/Layers_1and2/BOULDERxSANDxFISH02_colorcontrolON_1vs1e3_TVlossON_1e-3_layers1and2.png,BOULDERxSANDxFISH02_colorcontrolON_1vs1e3_TVlossON_1e-3_layers1and2.png,Layers_1and2,170.0,512.0,.png,02,BOULDERxSAND,ON,ON,Layers_1and2,fish stylized,,
/home/durrmeyer/Images/StyleTransferImages/Layers_1and2/PLANTSxFISH01_colorcontrolOFF_1vs1e3_TVlossON_1e-3_layers1and2.png,PLANTSxFISH01_colorcontrolOFF_1vs1e3_TVlossON_1e-3_layers1and2.png,Layers_1and2,170.0,512.0,.png,01,PLANTS,OFF,ON,Layers_1and2,fish stylized,,
/home/durrmeyer/Images/StyleTransferImages/Layers_1and2/GRAVELxFISH04_colorcontrolOFF_1vs1e3_TVlossON_1e-3_layers1and2.png,GRAVELxFISH04_colorcontrolOFF_1vs1e3_TVlossON_1e-3_layers1and2.png,Layers_1and2,170.0,512.0,.png,04,GRAVEL,OFF,ON,Layers_1and2,fish stylized,,
/home/durrmeyer/Images/StyleTransferImages/Layers_1and2/DETRITUSxFISH10_colorcontrolON_1vs1e3_TVlossON_1e-3_layers1and2.png,DETRITUSxFISH10_colorcontrolON_1vs1e3_TVlossON_1e-3_layers1and2.png,Layers_1and2,170.0,512.0,.png,10,DETRITUS,ON,ON,Layers_1and2,fish stylized,,
/home/durrmeyer/Images/StyleTransferImages/Layers_1and2/BOULDERxSANDxFISH03_colorcontrolON_1vs1e3_TVlossON_1e-3_layers1and2.png,BOULDERxSANDxFISH03_colorcontrolON_1vs1e3_TVlossON_1e-3_layers1and2.png,Layers_1and2,170.0,512.0,.png,03,BOULDERxSAND,ON,ON,Layers_1and2,fish stylized,,
/home/durrmeyer/Images/StyleTransferImages/Layers_1and2/BOULDERxSANDxFISH04_colorcontrolON_1vs1e3_TVlossON_1e-3_layers1and2.png,BOULDERxSANDxFISH04_colorcontrolON_1vs1e3_TVlossON_1e-3_layers1and2.png,Layers_1and2,170.0,512.0,.png,04,BOULDERxSAND,ON,ON,Layers_1and2,fish stylized,,
/home/durrmeyer/Images/StyleTransferImages/Layers_1and2/SANDxFISH10_colorcontrolOFF_1vs1e3_TVlossON_1e-3_layers1and2.png,SANDxFISH10_colorcontrolOFF_1vs1e3_TVlossON_1e-3_layers1and2.png,Layers_1and2,170.0,512.0,.png,10,SAND,OFF,ON,Layers_1and2,fish stylized,,
/home/durrmeyer/Images/StyleTransferImages/Layers_1and2/SANDxFISH01_colorcontrolOFF_1vs1e3_TVlossON_1e-3_layers1and2.png,SANDxFISH01_colorcontrolOFF_1vs1e3_TVlossON_1e-3_layers1and2.png,Layers_1and2,170.0,512.0,.png,01,SAND,OFF,ON,Layers_1and2,fish stylized,,
/home/durrmeyer/Images/StyleTransferImages/Layers_1and2/PLANTSxFISH04_colorcontrolOFF_1vs1e3_TVlossON_1e-3_layers1and2.png,PLANTSxFISH04_colorcontrolOFF_1vs1e3_TVlossON_1e-3_layers1and2.png,Layers_1and2,170.0,512.0,.png,04,PLANTS,OFF,ON,Layers_1and2,fish stylized,,
/home/durrmeyer/Images/StyleTransferImages/Layers_1and2/PlantsxFISH10_colorcontrolON_1vs1e3_TVlossON_1e-3_layers1and2.png,PlantsxFISH10_colorcontrolON_1vs1e3_TVlossON_1e-3_layers1and2.png,Layers_1and2,170.0,512.0,.png,10,Plants,ON,ON,Layers_1and2,fish stylized,,
/home/durrmeyer/Images/StyleTransferImages/Layers_1and2/SANDxFISH01_colorcontrolON_1vs1e3_TVlossON_1e-3_layers1and2.png,SANDxFISH01_colorcontrolON_1vs1e3_TVlossON_1e-3_layers1and2.png,Layers_1and2,170.0,512.0,.png,01,SAND,ON,ON,Layers_1and2,fish stylized,,
/home/durrmeyer/Images/StyleTransferImages/Layers_1and2/GRAVELxFISH03_colorcontrolOFF_1vs1e3_TVlossON_1e-3_layers1and2.png,GRAVELxFISH03_colorcontrolOFF_1vs1e3_TVlossON_1e-3_layers1and2.png,Layers_1and2,170.0,512.0,.png,03,GRAVEL,OFF,ON,Layers_1and2,fish stylized,,
/home/durrmeyer/Images/StyleTransferImages/Layers_1and2/DETRITUSxFISH01_colorcontrolON_1vs1e3_TVlossON_1e-3_layers1and2.png,DETRITUSxFISH01_colorcontrolON_1vs1e3_TVlossON_1e-3_layers1and2.png,Layers_1and2,170.0,512.0,.png,01,DETRITUS,ON,ON,Layers_1and2,fish stylized,,
/home/durrmeyer/Images/StyleTransferImages/Layers_1and2/PLANTSxFISH02_colorcontrolON_1vs1e3_TVlossON_1e-3_layers1and2.png,PLANTSxFISH02_colorcontrolON_1vs1e3_TVlossON_1e-3_layers1and2.png,Layers_1and2,170.0,512.0,.png,02,PLANTS,ON,ON,Layers_1and2,fish stylized,,
/home/durrmeyer/Images/StyleTransferImages/Layers_1and2/DETRITUSxFISH01_colorcontrolOFF_1vs1e3_TVlossON_1e-3_layers1and2.png,DETRITUSxFISH01_colorcontrolOFF_1vs1e3_TVlossON_1e-3_layers1and2.png,Layers_1and2,170.0,512.0,.png,01,DETRITUS,OFF,ON,Layers_1and2,fish stylized,,
/home/durrmeyer/Images/StyleTransferImages/Layers_1and2/GRAVELxFISH02_colorcontrolON_1vs1e3_TVlossON_1e-3_layers1and2.png,GRAVELxFISH02_colorcontrolON_1vs1e3_TVlossON_1e-3_layers1and2.png,Layers_1and2,170.0,512.0,.png,02,GRAVEL,ON,ON,Layers_1and2,fish stylized,,
/home/durrmeyer/Images/StyleTransferImages/Layers_1and2/GRAVELxFISH01_colorcontrolOFF_1vs1e3_TVlossON_1e-3_layers1and2.png,GRAVELxFISH01_colorcontrolOFF_1vs1e3_TVlossON_1e-3_layers1and2.png,Layers_1and2,170.0,512.0,.png,01,GRAVEL,OFF,ON,Layers_1and2,fish stylized,,
/home/durrmeyer/Images/StyleTransferImages/Layers_1and2/GRAVELxFISH10_colorcontrolOFF_1vs1e3_TVlossON_1e-3_layers1and2.png,GRAVELxFISH10_colorcontrolOFF_1vs1e3_TVlossON_1e-3_layers1and2.png,Layers_1and2,170.0,512.0,.png,10,GRAVEL,OFF,ON,Layers_1and2,fish stylized,,
/home/durrmeyer/Images/StyleTransferImages/Layers_1and2/GRAVELxFISH02_colorcontrolOFF_1vs1e3_TVlossON_1e-3_layers1and2.png,GRAVELxFISH02_colorcontrolOFF_1vs1e3_TVlossON_1e-3_layers1and2.png,Layers_1and2,170.0,512.0,.png,02,GRAVEL,OFF,ON,Layers_1and2,fish stylized,,
/home/durrmeyer/Images/StyleTransferImages/Layers_1and2/SANDxFISH04_colorcontrolON_1vs1e3_TVlossON_1e-3_layers1and2.png,SANDxFISH04_colorcontrolON_1vs1e3_TVlossON_1e-3_layers1and2.png,Layers_1and2,170.0,512.0,.png,04,SAND,ON,ON,Layers_1and2,fish stylized,,
/home/durrmeyer/Images/StyleTransferImages/Layers_1and2/BOULDERxFISH02_colorcontrolON_1vs1e3_TVlossON_1e-3_layers1and2.png,BOULDERxFISH02_colorcontrolON_1vs1e3_TVlossON_1e-3_layers1and2.png,Layers_1and2,170.0,512.0,.png,02,BOULDER,ON,ON,Layers_1and2,fish stylized,,
/home/durrmeyer/Images/StyleTransferImages/Layers_1and2/BOULDERxFISH10_colorcontrolOFF_1vs1e3_TVlossON_1e-3_layers1and2.png,BOULDERxFISH10_colorcontrolOFF_1vs1e3_TVlossON_1e-3_layers1and2.png,Layers_1and2,170.0,512.0,.png,10,BOULDER,OFF,ON,Layers_1and2,fish stylized,,
/home/durrmeyer/Images/StyleTransferImages/Layers_1and2/DETRITUSxFISH03_colorcontrolON_1vs1e3_TVlossON_1e-3_layers1and2.png,DETRITUSxFISH03_colorcontrolON_1vs1e3_TVlossON_1e-3_layers1and2.png,Layers_1and2,170.0,512.0,.png,03,DETRITUS,ON,ON,Layers_1and2,fish stylized,,
/home/durrmeyer/Images/StyleTransferImages/Layers_1and2/PLANTSxFISH03_colorcontrolON_1vs1e3_TVlossON_1e-3_layers1and2.png,PLANTSxFISH03_colorcontrolON_1vs1e3_TVlossON_1e-3_layers1and2.png,Layers_1and2,170.0,512.0,.png,03,PLANTS,ON,ON,Layers_1and2,fish stylized,,
/home/durrmeyer/Images/StyleTransferImages/Layers_1and2/DETRITUSxFISH03_colorcontrolOFF_1vs1e3_TVlossON_1e-3_layers1and2.png,DETRITUSxFISH03_colorcontrolOFF_1vs1e3_TVlossON_1e-3_layers1and2.png,Layers_1and2,170.0,512.0,.png,03,DETRITUS,OFF,ON,Layers_1and2,fish stylized,,
/home/durrmeyer/Images/StyleTransferImages/Layers_1and2/DETRITUSxFISH02_colorcontrolOFF_1vs1e3_TVlossON_1e-3_layers1and2.png,DETRITUSxFISH02_colorcontrolOFF_1vs1e3_TVlossON_1e-3_layers1and2.png,Layers_1and2,170.0,512.0,.png,02,DETRITUS,OFF,ON,Layers_1and2,fish stylized,,
/home/durrmeyer/Images/StyleTransferImages/Layers_1and2/DETRITUSxFISH10_colorcontrolOFF_1vs1e3_TVlossON_1e-3_layers1and2.png,DETRITUSxFISH10_colorcontrolOFF_1vs1e3_TVlossON_1e-3_layers1and2.png,Layers_1and2,170.0,512.0,.png,10,DETRITUS,OFF,ON,Layers_1and2,fish stylized,,
/home/durrmeyer/Images/StyleTransferImages/Layers_1and2/BOULDERxSANDxFISH10_colorcontrolOFF_1vs1e3_TVlossON_1e-3_layers1and2.png,BOULDERxSANDxFISH10_colorcontrolOFF_1vs1e3_TVlossON_1e-3_layers1and2.png,Layers_1and2,170.0,512.0,.png,10,BOULDERxSAND,OFF,ON,Layers_1and2,fish stylized,,
/home/durrmeyer/Images/StyleTransferImages/Layers_1and2/BOULDERxFISH04_colorcontrolOFF_1vs1e3_TVlossON_1e-3_layers1and2.png,BOULDERxFISH04_colorcontrolOFF_1vs1e3_TVlossON_1e-3_layers1and2.png,Layers_1and2,170.0,512.0,.png,04,BOULDER,OFF,ON,Layers_1and2,fish stylized,,
/home/durrmeyer/Images/StyleTransferImages/Layers_1and2/BOULDERxSANDxFISH01_colorcontrolON_1vs1e3_TVlossON_1e-3_layers1and2.png,BOULDERxSANDxFISH01_colorcontrolON_1vs1e3_TVlossON_1e-3_layers1and2.png,Layers_1and2,170.0,512.0,.png,01,BOULDERxSAND,ON,ON,Layers_1and2,fish stylized,,
/home/durrmeyer/Images/StyleTransferImages/Layers_1and2/SANDxFISH03_colorcontrolON_1vs1e3_TVlossON_1e-3_layers1and2.png,SANDxFISH03_colorcontrolON_1vs1e3_TVlossON_1e-3_layers1and2.png,Layers_1and2,170.0,512.0,.png,03,SAND,ON,ON,Layers_1and2,fish stylized,,
/home/durrmeyer/Images/StyleTransferImages/Layers_1and2/PLANTSxFISH01_colorcontrolON_1vs1e3_TVlossON_1e-3_layers1and2.png,PLANTSxFISH01_colorcontrolON_1vs1e3_TVlossON_1e-3_layers1and2.png,Layers_1and2,170.0,512.0,.png,01,PLANTS,ON,ON,Layers_1and2,fish stylized,,
/home/durrmeyer/Images/StyleTransferImages/Layers_1and2/BOULDERxSANDxFISH02_colorcontrolOFF_1vs1e3_TVlossON_1e-3_layers1and2.png,BOULDERxSANDxFISH02_colorcontrolOFF_1vs1e3_TVlossON_1e-3_layers1and2.png,Layers_1and2,170.0,512.0,.png,02,BOULDERxSAND,OFF,ON,Layers_1and2,fish stylized,,
/home/durrmeyer/Images/StyleTransferImages/Layers_1and2/BOULDERxSANDxFISH01_colorcontrolOFF_1vs1e3_TVlossON_1e-3_layers1and2.png,BOULDERxSANDxFISH01_colorcontrolOFF_1vs1e3_TVlossON_1e-3_layers1and2.png,Layers_1and2,170.0,512.0,.png,01,BOULDERxSAND,OFF,ON,Layers_1and2,fish stylized,,
/home/durrmeyer/Images/StyleTransferImages/Layers_1and2/GRAVELxFISH04_colorcontrolON_1vs1e3_TVlossON_1e-3_layers1and2.png,GRAVELxFISH04_colorcontrolON_1vs1e3_TVlossON_1e-3_layers1and2.png,Layers_1and2,170.0,512.0,.png,04,GRAVEL,ON,ON,Layers_1and2,fish stylized,,
/home/durrmeyer/Images/StyleTransferImages/Layers_1and2/BOULDERxSANDxFISH03_colorcontrolOFF_1vs1e3_TVlossON_1e-3_layers1and2.png,BOULDERxSANDxFISH03_colorcontrolOFF_1vs1e3_TVlossON_1e-3_layers1and2.png,Layers_1and2,170.0,512.0,.png,03,BOULDERxSAND,OFF,ON,Layers_1and2,fish stylized,,
/home/durrmeyer/Images/StyleTransferImages/Layers_1and2/PLANTSxFISH03_colorcontrolOFF_1vs1e3_TVlossON_1e-3_layers1and2.png,PLANTSxFISH03_colorcontrolOFF_1vs1e3_TVlossON_1e-3_layers1and2.png,Layers_1and2,170.0,512.0,.png,03,PLANTS,OFF,ON,Layers_1and2,fish stylized,,
/home/durrmeyer/Images/StyleTransferImages/Layers_1and2/DETRITUSxFISH04_colorcontrolON_1vs1e3_TVlossON_1e-3_layers1and2.png,DETRITUSxFISH04_colorcontrolON_1vs1e3_TVlossON_1e-3_layers1and2.png,Layers_1and2,170.0,512.0,.png,04,DETRITUS,ON,ON,Layers_1and2,fish stylized,,
/home/durrmeyer/Images/StyleTransferImages/Layers_1and2/BOULDERxFISH04_colorcontrolON_1vs1e3_TVlossON_1e-3_layers1and2.png,BOULDERxFISH04_colorcontrolON_1vs1e3_TVlossON_1e-3_layers1and2.png,Layers_1and2,170.0,512.0,.png,04,BOULDER,ON,ON,Layers_1and2,fish stylized,,
/home/durrmeyer/Images/StyleTransferImages/Layers_1and2/PLANTSxFISH04_colorcontrolON_1vs1e3_TVlossON_1e-3_layers1and2.png,PLANTSxFISH04_colorcontrolON_1vs1e3_TVlossON_1e-3_layers1and2.png,Layers_1and2,170.0,512.0,.png,04,PLANTS,ON,ON,Layers_1and2,fish stylized,,
/home/durrmeyer/Images/StyleTransferImages/Layers_1and2/SANDxFISH04_colorcontrolOFF_1vs1e3_TVlossON_1e-3_layers1and2.png,SANDxFISH04_colorcontrolOFF_1vs1e3_TVlossON_1e-3_layers1and2.png,Layers_1and2,170.0,512.0,.png,04,SAND,OFF,ON,Layers_1and2,fish stylized,,
/home/durrmeyer/Images/StyleTransferImages/Layers_1and2/PlantsxFISH10_colorcontrolOFF_1vs1e3_TVlossON_1e-3_layers1and2.png,PlantsxFISH10_colorcontrolOFF_1vs1e3_TVlossON_1e-3_layers1and2.png,Layers_1and2,170.0,512.0,.png,10,Plants,OFF,ON,Layers_1and2,fish stylized,,
/home/durrmeyer/Images/StyleTransferImages/Layers_1and2/BOULDERxFISH03_colorcontrolON_1vs1e3_TVlossON_1e-3_layers1and2.png,BOULDERxFISH03_colorcontrolON_1vs1e3_TVlossON_1e-3_layers1and2.png,Layers_1and2,170.0,512.0,.png,03,BOULDER,ON,ON,Layers_1and2,fish stylized,,
/home/durrmeyer/Images/StyleTransferImages/Layers_1and2/PLANTSxFISH02_colorcontrolOFF_1vs1e3_TVlossON_1e-3_layers1and2.png,PLANTSxFISH02_colorcontrolOFF_1vs1e3_TVlossON_1e-3_layers1and2.png,Layers_1and2,170.0,512.0,.png,02,PLANTS,OFF,ON,Layers_1and2,fish stylized,,
/home/durrmeyer/Images/StyleTransferImages/Layers_1and2/BOULDERxFISH03_colorcontrolOFF_1vs1e3_TVlossON_1e-3_layers1and2.png,BOULDERxFISH03_colorcontrolOFF_1vs1e3_TVlossON_1e-3_layers1and2.png,Layers_1and2,170.0,512.0,.png,03,BOULDER,OFF,ON,Layers_1and2,fish stylized,,
/home/durrmeyer/Images/StyleTransferImages/Layers_1and2/BOULDERxFISH02_colorcontrolOFF_1vs1e3_TVlossON_1e-3_layers1and2.png,BOULDERxFISH02_colorcontrolOFF_1vs1e3_TVlossON_1e-3_layers1and2.png,Layers_1and2,170.0,512.0,.png,02,BOULDER,OFF,ON,Layers_1and2,fish stylized,,
/home/durrmeyer/Images/StyleTransferImages/Layers_1and2/GRAVELxFISH03_colorcontrolON_1vs1e3_TVlossON_1e-3_layers1and2.png,GRAVELxFISH03_colorcontrolON_1vs1e3_TVlossON_1e-3_layers1and2.png,Layers_1and2,170.0,512.0,.png,03,GRAVEL,ON,ON,Layers_1and2,fish stylized,,
/home/durrmeyer/Images/StyleTransferImages/Layers_1and2/BOULDERxFISH01_colorcontrolOFF_1vs1e3_TVlossON_1e-3_layers1and2.png,BOULDERxFISH01_colorcontrolOFF_1vs1e3_TVlossON_1e-3_layers1and2.png,Layers_1and2,170.0,512.0,.png,01,BOULDER,OFF,ON,Layers_1and2,fish stylized,,
/home/durrmeyer/Images/StyleTransferImages/Layers_1and2/SANDxFISH10_colorcontrolON_1vs1e3_TVlossON_1e-3_layers1and2.png,SANDxFISH10_colorcontrolON_1vs1e3_TVlossON_1e-3_layers1and2.png,Layers_1and2,170.0,512.0,.png,10,SAND,ON,ON,Layers_1and2,fish stylized,,
/home/durrmeyer/Images/StyleTransferImages/Layers_1and2/GRAVELxFISH10_colorcontrolON_1vs1e3_TVlossON_1e-3_layers1and2.png,GRAVELxFISH10_colorcontrolON_1vs1e3_TVlossON_1e-3_layers1and2.png,Layers_1and2,170.0,512.0,.png,10,GRAVEL,ON,ON,Layers_1and2,fish stylized,,
/home/durrmeyer/Images/StyleTransferImages/Layers_1and2/SANDxFISH02_colorcontrolOFF_1vs1e3_TVlossON_1e-3_layers1and2.png,SANDxFISH02_colorcontrolOFF_1vs1e3_TVlossON_1e-3_layers1and2.png,Layers_1and2,170.0,512.0,.png,02,SAND,OFF,ON,Layers_1and2,fish stylized,,
/home/durrmeyer/Images/StyleTransferImages/Layers_1and2/DETRITUSxFISH02_colorcontrolON_1vs1e3_TVlossON_1e-3_layers1and2.png,DETRITUSxFISH02_colorcontrolON_1vs1e3_TVlossON_1e-3_layers1and2.png,Layers_1and2,170.0,512.0,.png,02,DETRITUS,ON,ON,Layers_1and2,fish stylized,,
/home/durrmeyer/Images/StyleTransferImages/Layers_1and2/BOULDERxFISH10_colorcontrolON_1vs1e3_TVlossON_1e-3_layers1and2.png,BOULDERxFISH10_colorcontrolON_1vs1e3_TVlossON_1e-3_layers1and2.png,Layers_1and2,170.0,512.0,.png,10,BOULDER,ON,ON,Layers_1and2,fish stylized,,
/home/durrmeyer/Images/StyleTransferImages/Layers_1and2/BOULDERxFISH01_colorcontrolON_1vs1e3_TVlossON_1e-3_layers1and2.png,BOULDERxFISH01_colorcontrolON_1vs1e3_TVlossON_1e-3_layers1and2.png,Layers_1and2,170.0,512.0,.png,01,BOULDER,ON,ON,Layers_1and2,fish stylized,,
/home/durrmeyer/Images/StyleTransferImages/Layers_1and2/BOULDERxSANDxFISH04_colorcontrolOFF_1vs1e3_TVlossON_1e-3_layers1and2.png,BOULDERxSANDxFISH04_colorcontrolOFF_1vs1e3_TVlossON_1e-3_layers1and2.png,Layers_1and2,170.0,512.0,.png,04,BOULDERxSAND,OFF,ON,Layers_1and2,fish stylized,,
/home/durrmeyer/Images/StyleTransferImages/Layers_1and2/SANDxFISH03_colorcontrolOFF_1vs1e3_TVlossON_1e-3_layers1and2.png,SANDxFISH03_colorcontrolOFF_1vs1e3_TVlossON_1e-3_layers1and2.png,Layers_1and2,170.0,512.0,.png,03,SAND,OFF,ON,Layers_1and2,fish stylized,,
/home/durrmeyer/Images/StyleTransferImages/Layers_1and2/SANDxFISH02_colorcontrolON_1vs1e3_TVlossON_1e-3_layers1and2.png,SANDxFISH02_colorcontrolON_1vs1e3_TVlossON_1e-3_layers1and2.png,Layers_1and2,170.0,512.0,.png,02,SAND,ON,ON,Layers_1and2,fish stylized,,
/home/durrmeyer/Images/StyleTransferImages/Layers_1and2/DETRITUSxFISH04_colorcontrolOFF_1vs1e3_TVlossON_1e-3_layers1and2.png,DETRITUSxFISH04_colorcontrolOFF_1vs1e3_TVlossON_1e-3_layers1and2.png,Layers_1and2,170.0,512.0,.png,04,DETRITUS,OFF,ON,Layers_1and2,fish stylized,,
/home/durrmeyer/Images/StyleTransferImages/Layers_1and2/BOULDERxSANDxFISH10_colorcontrolON_1vs1e3_TVlossON_1e-3_layers1and2.png,BOULDERxSANDxFISH10_colorcontrolON_1vs1e3_TVlossON_1e-3_layers1and2.png,Layers_1and2,170.0,512.0,.png,10,BOULDERxSAND,ON,ON,Layers_1and2,fish stylized,,
/home/durrmeyer/Images/StyleTransferImages/Layers_1and2/GRAVELxFISH01_colorcontrolON_1vs1e3_TVlossON_1e-3_layers1and2.png,GRAVELxFISH01_colorcontrolON_1vs1e3_TVlossON_1e-3_layers1and2.png,Layers_1and2,170.0,512.0,.png,01,GRAVEL,ON,ON,Layers_1and2,fish stylized,,
/home/durrmeyer/Images/StyleTransferImages/Layers_3to5/PLANTSxFISH10_colorcontrolOFF_1vs1e3_TVlossON_1e-3_layers3to5.png,PLANTSxFISH10_colorcontrolOFF_1vs1e3_TVlossON_1e-3_layers3to5.png,Layers_3to5,170.0,512.0,.png,10,PLANTS,OFF,ON,Layers_3to5,fish stylized,,
/home/durrmeyer/Images/StyleTransferImages/Layers_3to5/PLANTSxFISH03_colorcontrolOFF_1vs1e3_TVlossON_1e-3_layers3to5.png,PLANTSxFISH03_colorcontrolOFF_1vs1e3_TVlossON_1e-3_layers3to5.png,Layers_3to5,170.0,512.0,.png,03,PLANTS,OFF,ON,Layers_3to5,fish stylized,,
/home/durrmeyer/Images/StyleTransferImages/Layers_3to5/GRAVELxFISH04_colorcontrolOFF_1vs1e3_TVlossON_1e-3_layers3to5.png,GRAVELxFISH04_colorcontrolOFF_1vs1e3_TVlossON_1e-3_layers3to5.png,Layers_3to5,170.0,512.0,.png,04,GRAVEL,OFF,ON,Layers_3to5,fish stylized,,
/home/durrmeyer/Images/StyleTransferImages/Layers_3to5/GRAVELxFISH02_colorcontrolOFF_1vs1e3_TVlossON_1e-3_layers3to5.png,GRAVELxFISH02_colorcontrolOFF_1vs1e3_TVlossON_1e-3_layers3to5.png,Layers_3to5,170.0,512.0,.png,02,GRAVEL,OFF,ON,Layers_3to5,fish stylized,,
/home/durrmeyer/Images/StyleTransferImages/Layers_3to5/SANDxFISH03_colorcontrolON_1vs1e3_TVlossON_1e-3_layers3to5.png,SANDxFISH03_colorcontrolON_1vs1e3_TVlossON_1e-3_layers3to5.png,Layers_3to5,170.0,512.0,.png,03,SAND,ON,ON,Layers_3to5,fish stylized,,
/home/durrmeyer/Images/StyleTransferImages/Layers_3to5/BOULDERxFISH01_colorcontrolOFF_1vs1e3_TVlossON_1e-3_layers3to5.png,BOULDERxFISH01_colorcontrolOFF_1vs1e3_TVlossON_1e-3_layers3to5.png,Layers_3to5,170.0,512.0,.png,01,BOULDER,OFF,ON,Layers_3to5,fish stylized,,
/home/durrmeyer/Images/StyleTransferImages/Layers_3to5/DETRITUSxFISH01_colorcontrolOFF_1vs1e3_TVlossON_1e-3_layers3to5.png,DETRITUSxFISH01_colorcontrolOFF_1vs1e3_TVlossON_1e-3_layers3to5.png,Layers_3to5,170.0,512.0,.png,01,DETRITUS,OFF,ON,Layers_3to5,fish stylized,,
/home/durrmeyer/Images/StyleTransferImages/Layers_3to5/SANDxFISH01_colorcontrolON_1vs1e3_TVlossON_1e-3_layers3to5.png,SANDxFISH01_colorcontrolON_1vs1e3_TVlossON_1e-3_layers3to5.png,Layers_3to5,170.0,512.0,.png,01,SAND,ON,ON,Layers_3to5,fish stylized,,
/home/durrmeyer/Images/StyleTransferImages/Layers_3to5/BOULDERxFISH03_colorcontrolON_1vs1e3_TVlossON_1e-3_layers3to5.png,BOULDERxFISH03_colorcontrolON_1vs1e3_TVlossON_1e-3_layers3to5.png,Layers_3to5,170.0,512.0,.png,03,BOULDER,ON,ON,Layers_3to5,fish stylized,,
/home/durrmeyer/Images/StyleTransferImages/Layers_3to5/SANDxFISH04_colorcontrolON_1vs1e3_TVlossON_1e-3_layers3to5.png,SANDxFISH04_colorcontrolON_1vs1e3_TVlossON_1e-3_layers3to5.png,Layers_3to5,170.0,512.0,.png,04,SAND,ON,ON,Layers_3to5,fish stylized,,
/home/durrmeyer/Images/StyleTransferImages/Layers_3to5/BOULDERxSANDxFISH02_colorcontrolON_1vs1e3_TVlossON_1e-3_layers3to5.png,BOULDERxSANDxFISH02_colorcontrolON_1vs1e3_TVlossON_1e-3_layers3to5.png,Layers_3to5,170.0,512.0,.png,02,BOULDERxSAND,ON,ON,Layers_3to5,fish stylized,,
/home/durrmeyer/Images/StyleTransferImages/Layers_3to5/SANDxFISH03_colorcontrolOFF_1vs1e3_TVlossON_1e-3_layers3to5.png,SANDxFISH03_colorcontrolOFF_1vs1e3_TVlossON_1e-3_layers3to5.png,Layers_3to5,170.0,512.0,.png,03,SAND,OFF,ON,Layers_3to5,fish stylized,,
/home/durrmeyer/Images/StyleTransferImages/Layers_3to5/DETRITUSxFISH01_colorcontrolON_1vs1e3_TVlossON_1e-3_layers3to5.png,DETRITUSxFISH01_colorcontrolON_1vs1e3_TVlossON_1e-3_layers3to5.png,Layers_3to5,170.0,512.0,.png,01,DETRITUS,ON,ON,Layers_3to5,fish stylized,,
/home/durrmeyer/Images/StyleTransferImages/Layers_3to5/BOULDERxSANDxFISH04_colorcontrolON_1vs1e3_TVlossON_1e-3_layers3to5.png,BOULDERxSANDxFISH04_colorcontrolON_1vs1e3_TVlossON_1e-3_layers3to5.png,Layers_3to5,170.0,512.0,.png,04,BOULDERxSAND,ON,ON,Layers_3to5,fish stylized,,
/home/durrmeyer/Images/StyleTransferImages/Layers_3to5/PLANTSxFISH03_colorcontrolON_1vs1e3_TVlossON_1e-3_layers3to5.png,PLANTSxFISH03_colorcontrolON_1vs1e3_TVlossON_1e-3_layers3to5.png,Layers_3to5,170.0,512.0,.png,03,PLANTS,ON,ON,Layers_3to5,fish stylized,,
/home/durrmeyer/Images/StyleTransferImages/Layers_3to5/DETRITUSxFISH10_colorcontrolOFF_1vs1e3_TVlossON_1e-3_layers3to5.png,DETRITUSxFISH10_colorcontrolOFF_1vs1e3_TVlossON_1e-3_layers3to5.png,Layers_3to5,170.0,512.0,.png,10,DETRITUS,OFF,ON,Layers_3to5,fish stylized,,
/home/durrmeyer/Images/StyleTransferImages/Layers_3to5/SANDxFISH01_colorcontrolOFF_1vs1e3_TVlossON_1e-3_layers3to5.png,SANDxFISH01_colorcontrolOFF_1vs1e3_TVlossON_1e-3_layers3to5.png,Layers_3to5,170.0,512.0,.png,01,SAND,OFF,ON,Layers_3to5,fish stylized,,
/home/durrmeyer/Images/StyleTransferImages/Layers_3to5/DETRITUSxFISH03_colorcontrolON_1vs1e3_TVlossON_1e-3_layers3to5.png,DETRITUSxFISH03_colorcontrolON_1vs1e3_TVlossON_1e-3_layers3to5.png,Layers_3to5,170.0,512.0,.png,03,DETRITUS,ON,ON,Layers_3to5,fish stylized,,
/home/durrmeyer/Images/StyleTransferImages/Layers_3to5/GRAVELxFISH01_colorcontrolOFF_1vs1e3_TVlossON_1e-3_layers3to5.png,GRAVELxFISH01_colorcontrolOFF_1vs1e3_TVlossON_1e-3_layers3to5.png,Layers_3to5,170.0,512.0,.png,01,GRAVEL,OFF,ON,Layers_3to5,fish stylized,,
/home/durrmeyer/Images/StyleTransferImages/Layers_3to5/PLANTSxFISH04_colorcontrolOFF_1vs1e3_TVlossON_1e-3_layers3to5.png,PLANTSxFISH04_colorcontrolOFF_1vs1e3_TVlossON_1e-3_layers3to5.png,Layers_3to5,170.0,512.0,.png,04,PLANTS,OFF,ON,Layers_3to5,fish stylized,,
/home/durrmeyer/Images/StyleTransferImages/Layers_3to5/BOULDERxSANDxFISH03_colorcontrolON_1vs1e3_TVlossON_1e-3_layers3to5.png,BOULDERxSANDxFISH03_colorcontrolON_1vs1e3_TVlossON_1e-3_layers3to5.png,Layers_3to5,170.0,512.0,.png,03,BOULDERxSAND,ON,ON,Layers_3to5,fish stylized,,
/home/durrmeyer/Images/StyleTransferImages/Layers_3to5/BOULDERxFISH02_colorcontrolON_1vs1e3_TVlossON_1e-3_layers3to5.png,BOULDERxFISH02_colorcontrolON_1vs1e3_TVlossON_1e-3_layers3to5.png,Layers_3to5,170.0,512.0,.png,02,BOULDER,ON,ON,Layers_3to5,fish stylized,,
/home/durrmeyer/Images/StyleTransferImages/Layers_3to5/DETRITUSxFISH02_colorcontrolOFF_1vs1e3_TVlossON_1e-3_layers3to5.png,DETRITUSxFISH02_colorcontrolOFF_1vs1e3_TVlossON_1e-3_layers3to5.png,Layers_3to5,170.0,512.0,.png,02,DETRITUS,OFF,ON,Layers_3to5,fish stylized,,
/home/durrmeyer/Images/StyleTransferImages/Layers_3to5/BOULDERxSANDxFISH01_colorcontrolON_1vs1e3_TVlossON_1e-3_layers3to5.png,BOULDERxSANDxFISH01_colorcontrolON_1vs1e3_TVlossON_1e-3_layers3to5.png,Layers_3to5,170.0,512.0,.png,01,BOULDERxSAND,ON,ON,Layers_3to5,fish stylized,,
/home/durrmeyer/Images/StyleTransferImages/Layers_3to5/GRAVELxFISH10_colorcontrolON_1vs1e3_TVlossON_1e-3_layers3to5.png,GRAVELxFISH10_colorcontrolON_1vs1e3_TVlossON_1e-3_layers3to5.png,Layers_3to5,170.0,512.0,.png,10,GRAVEL,ON,ON,Layers_3to5,fish stylized,,
/home/durrmeyer/Images/StyleTransferImages/Layers_3to5/GRAVELxFISH02_colorcontrolON_1vs1e3_TVlossON_1e-3_layers3to5.png,GRAVELxFISH02_colorcontrolON_1vs1e3_TVlossON_1e-3_layers3to5.png,Layers_3to5,170.0,512.0,.png,02,GRAVEL,ON,ON,Layers_3to5,fish stylized,,
/home/durrmeyer/Images/StyleTransferImages/Layers_3to5/GRAVELxFISH03_colorcontrolOFF_1vs1e3_TVlossON_1e-3_layers3to5.png,GRAVELxFISH03_colorcontrolOFF_1vs1e3_TVlossON_1e-3_layers3to5.png,Layers_3to5,170.0,512.0,.png,03,GRAVEL,OFF,ON,Layers_3to5,fish stylized,,
/home/durrmeyer/Images/StyleTransferImages/Layers_3to5/GRAVELxFISH01_colorcontrolON_1vs1e3_TVlossON_1e-3_layers3to5.png,GRAVELxFISH01_colorcontrolON_1vs1e3_TVlossON_1e-3_layers3to5.png,Layers_3to5,170.0,512.0,.png,01,GRAVEL,ON,ON,Layers_3to5,fish stylized,,
/home/durrmeyer/Images/StyleTransferImages/Layers_3to5/PLANTSxFISH10_colorcontrolON_1vs1e3_TVlossON_1e-3_layers3to5.png,PLANTSxFISH10_colorcontrolON_1vs1e3_TVlossON_1e-3_layers3to5.png,Layers_3to5,170.0,512.0,.png,10,PLANTS,ON,ON,Layers_3to5,fish stylized,,
/home/durrmeyer/Images/StyleTransferImages/Layers_3to5/DETRITUSxFISH04_colorcontrolON_1vs1e3_TVlossON_1e-3_layers3to5.png,DETRITUSxFISH04_colorcontrolON_1vs1e3_TVlossON_1e-3_layers3to5.png,Layers_3to5,170.0,512.0,.png,04,DETRITUS,ON,ON,Layers_3to5,fish stylized,,
/home/durrmeyer/Images/StyleTransferImages/Layers_3to5/PLANTSxFISH01_colorcontrolON_1vs1e3_TVlossON_1e-3_layers3to5.png,PLANTSxFISH01_colorcontrolON_1vs1e3_TVlossON_1e-3_layers3to5.png,Layers_3to5,170.0,512.0,.png,01,PLANTS,ON,ON,Layers_3to5,fish stylized,,
/home/durrmeyer/Images/StyleTransferImages/Layers_3to5/DETRITUSxFISH02_colorcontrolON_1vs1e3_TVlossON_1e-3_layers3to5.png,DETRITUSxFISH02_colorcontrolON_1vs1e3_TVlossON_1e-3_layers3to5.png,Layers_3to5,170.0,512.0,.png,02,DETRITUS,ON,ON,Layers_3to5,fish stylized,,
/home/durrmeyer/Images/StyleTransferImages/Layers_3to5/DETRITUSxFISH10_colorcontrolON_1vs1e3_TVlossON_1e-3_layers3to5.png,DETRITUSxFISH10_colorcontrolON_1vs1e3_TVlossON_1e-3_layers3to5.png,Layers_3to5,170.0,512.0,.png,10,DETRITUS,ON,ON,Layers_3to5,fish stylized,,
/home/durrmeyer/Images/StyleTransferImages/Layers_3to5/GRAVELxFISH03_colorcontrolON_1vs1e3_TVlossON_1e-3_layers3to5.png,GRAVELxFISH03_colorcontrolON_1vs1e3_TVlossON_1e-3_layers3to5.png,Layers_3to5,170.0,512.0,.png,03,GRAVEL,ON,ON,Layers_3to5,fish stylized,,
/home/durrmeyer/Images/StyleTransferImages/Layers_3to5/BOULDERxSANDxFISH10_colorcontrolOFF_1vs1e3_TVlossON_1e-3_layers3to5.png,BOULDERxSANDxFISH10_colorcontrolOFF_1vs1e3_TVlossON_1e-3_layers3to5.png,Layers_3to5,170.0,512.0,.png,10,BOULDERxSAND,OFF,ON,Layers_3to5,fish stylized,,
/home/durrmeyer/Images/StyleTransferImages/Layers_3to5/SANDxFISH04_colorcontrolOFF_1vs1e3_TVlossON_1e-3_layers3to5.png,SANDxFISH04_colorcontrolOFF_1vs1e3_TVlossON_1e-3_layers3to5.png,Layers_3to5,170.0,512.0,.png,04,SAND,OFF,ON,Layers_3to5,fish stylized,,
/home/durrmeyer/Images/StyleTransferImages/Layers_3to5/BOULDERxSANDxFISH03_colorcontrolOFF_1vs1e3_TVlossON_1e-3_layers3to5.png,BOULDERxSANDxFISH03_colorcontrolOFF_1vs1e3_TVlossON_1e-3_layers3to5.png,Layers_3to5,170.0,512.0,.png,03,BOULDERxSAND,OFF,ON,Layers_3to5,fish stylized,,
/home/durrmeyer/Images/StyleTransferImages/Layers_3to5/PLANTSxFISH01_colorcontrolOFF_1vs1e3_TVlossON_1e-3_layers3to5.png,PLANTSxFISH01_colorcontrolOFF_1vs1e3_TVlossON_1e-3_layers3to5.png,Layers_3to5,170.0,512.0,.png,01,PLANTS,OFF,ON,Layers_3to5,fish stylized,,
/home/durrmeyer/Images/StyleTransferImages/Layers_3to5/SANDxFISH02_colorcontrolOFF_1vs1e3_TVlossON_1e-3_layers3to5.png,SANDxFISH02_colorcontrolOFF_1vs1e3_TVlossON_1e-3_layers3to5.png,Layers_3to5,170.0,512.0,.png,02,SAND,OFF,ON,Layers_3to5,fish stylized,,
/home/durrmeyer/Images/StyleTransferImages/Layers_3to5/BOULDERxSANDxFISH10_colorcontrolON_1vs1e3_TVlossON_1e-3_layers3to5.png,BOULDERxSANDxFISH10_colorcontrolON_1vs1e3_TVlossON_1e-3_layers3to5.png,Layers_3to5,170.0,512.0,.png,10,BOULDERxSAND,ON,ON,Layers_3to5,fish stylized,,
/home/durrmeyer/Images/StyleTransferImages/Layers_3to5/PLANTSxFISH02_colorcontrolOFF_1vs1e3_TVlossON_1e-3_layers3to5.png,PLANTSxFISH02_colorcontrolOFF_1vs1e3_TVlossON_1e-3_layers3to5.png,Layers_3to5,170.0,512.0,.png,02,PLANTS,OFF,ON,Layers_3to5,fish stylized,,
/home/durrmeyer/Images/StyleTransferImages/Layers_3to5/BOULDERxSANDxFISH02_colorcontrolOFF_1vs1e3_TVlossON_1e-3_layers3to5.png,BOULDERxSANDxFISH02_colorcontrolOFF_1vs1e3_TVlossON_1e-3_layers3to5.png,Layers_3to5,170.0,512.0,.png,02,BOULDERxSAND,OFF,ON,Layers_3to5,fish stylized,,
/home/durrmeyer/Images/StyleTransferImages/Layers_3to5/BOULDERxFISH10_colorcontrolOFF_1vs1e3_TVlossON_1e-3_layers3to5.png,BOULDERxFISH10_colorcontrolOFF_1vs1e3_TVlossON_1e-3_layers3to5.png,Layers_3to5,170.0,512.0,.png,10,BOULDER,OFF,ON,Layers_3to5,fish stylized,,
/home/durrmeyer/Images/StyleTransferImages/Layers_3to5/GRAVELxFISH10_colorcontrolOFF_1vs1e3_TVlossON_1e-3_layers3to5.png,GRAVELxFISH10_colorcontrolOFF_1vs1e3_TVlossON_1e-3_layers3to5.png,Layers_3to5,170.0,512.0,.png,10,GRAVEL,OFF,ON,Layers_3to5,fish stylized,,
/home/durrmeyer/Images/StyleTransferImages/Layers_3to5/SANDxFISH10_colorcontrolON_1vs1e3_TVlossON_1e-3_layers3to5.png,SANDxFISH10_colorcontrolON_1vs1e3_TVlossON_1e-3_layers3to5.png,Layers_3to5,170.0,512.0,.png,10,SAND,ON,ON,Layers_3to5,fish stylized,,
/home/durrmeyer/Images/StyleTransferImages/Layers_3to5/BOULDERxFISH04_colorcontrolOFF_1vs1e3_TVlossON_1e-3_layers3to5.png,BOULDERxFISH04_colorcontrolOFF_1vs1e3_TVlossON_1e-3_layers3to5.png,Layers_3to5,170.0,512.0,.png,04,BOULDER,OFF,ON,Layers_3to5,fish stylized,,
/home/durrmeyer/Images/StyleTransferImages/Layers_3to5/BOULDERxFISH01_colorcontrolON_1vs1e3_TVlossON_1e-3_layers3to5.png,BOULDERxFISH01_colorcontrolON_1vs1e3_TVlossON_1e-3_layers3to5.png,Layers_3to5,170.0,512.0,.png,01,BOULDER,ON,ON,Layers_3to5,fish stylized,,
/home/durrmeyer/Images/StyleTransferImages/Layers_3to5/BOULDERxSANDxFISH01_colorcontrolOFF_1vs1e3_TVlossON_1e-3_layers3to5.png,BOULDERxSANDxFISH01_colorcontrolOFF_1vs1e3_TVlossON_1e-3_layers3to5.png,Layers_3to5,170.0,512.0,.png,01,BOULDERxSAND,OFF,ON,Layers_3to5,fish stylized,,
/home/durrmeyer/Images/StyleTransferImages/Layers_3to5/BOULDERxFISH02_colorcontrolOFF_1vs1e3_TVlossON_1e-3_layers3to5.png,BOULDERxFISH02_colorcontrolOFF_1vs1e3_TVlossON_1e-3_layers3to5.png,Layers_3to5,170.0,512.0,.png,02,BOULDER,OFF,ON,Layers_3to5,fish stylized,,
/home/durrmeyer/Images/StyleTransferImages/Layers_3to5/BOULDERxSANDxFISH04_colorcontrolOFF_1vs1e3_TVlossON_1e-3_layers3to5.png,BOULDERxSANDxFISH04_colorcontrolOFF_1vs1e3_TVlossON_1e-3_layers3to5.png,Layers_3to5,170.0,512.0,.png,04,BOULDERxSAND,OFF,ON,Layers_3to5,fish stylized,,
/home/durrmeyer/Images/StyleTransferImages/Layers_3to5/BOULDERxFISH10_colorcontrolON_1vs1e3_TVlossON_1e-3_layers3to5.png,BOULDERxFISH10_colorcontrolON_1vs1e3_TVlossON_1e-3_layers3to5.png,Layers_3to5,170.0,512.0,.png,10,BOULDER,ON,ON,Layers_3to5,fish stylized,,
/home/durrmeyer/Images/StyleTransferImages/Layers_3to5/DETRITUSxFISH04_colorcontrolOFF_1vs1e3_TVlossON_1e-3_layers3to5.png,DETRITUSxFISH04_colorcontrolOFF_1vs1e3_TVlossON_1e-3_layers3to5.png,Layers_3to5,170.0,512.0,.png,04,DETRITUS,OFF,ON,Layers_3to5,fish stylized,,
/home/durrmeyer/Images/StyleTransferImages/Layers_3to5/DETRITUSxFISH03_colorcontrolOFF_1vs1e3_TVlossON_1e-3_layers3to5.png,DETRITUSxFISH03_colorcontrolOFF_1vs1e3_TVlossON_1e-3_layers3to5.png,Layers_3to5,170.0,512.0,.png,03,DETRITUS,OFF,ON,Layers_3to5,fish stylized,,
/home/durrmeyer/Images/StyleTransferImages/Layers_3to5/SANDxFISH02_colorcontrolON_1vs1e3_TVlossON_1e-3_layers3to5.png,SANDxFISH02_colorcontrolON_1vs1e3_TVlossON_1e-3_layers3to5.png,Layers_3to5,170.0,512.0,.png,02,SAND,ON,ON,Layers_3to5,fish stylized,,
/home/durrmeyer/Images/StyleTransferImages/Layers_3to5/BOULDERxFISH04_colorcontrolON_1vs1e3_TVlossON_1e-3_layers3to5.png,BOULDERxFISH04_colorcontrolON_1vs1e3_TVlossON_1e-3_layers3to5.png,Layers_3to5,170.0,512.0,.png,04,BOULDER,ON,ON,Layers_3to5,fish stylized,,
/home/durrmeyer/Images/StyleTransferImages/Layers_3to5/SANDxFISH10_colorcontrolOFF_1vs1e3_TVlossON_1e-3_layers3to5.png,SANDxFISH10_colorcontrolOFF_1vs1e3_TVlossON_1e-3_layers3to5.png,Layers_3to5,170.0,512.0,.png,10,SAND,OFF,ON,Layers_3to5,fish stylized,,
/home/durrmeyer/Images/StyleTransferImages/Layers_3to5/PLANTSxFISH02_colorcontrolON_1vs1e3_TVlossON_1e-3_layers3to5.png,PLANTSxFISH02_colorcontrolON_1vs1e3_TVlossON_1e-3_layers3to5.png,Layers_3to5,170.0,512.0,.png,02,PLANTS,ON,ON,Layers_3to5,fish stylized,,
/home/durrmeyer/Images/StyleTransferImages/Layers_3to5/BOULDERxFISH03_colorcontrolOFF_1vs1e3_TVlossON_1e-3_layers3to5.png,BOULDERxFISH03_colorcontrolOFF_1vs1e3_TVlossON_1e-3_layers3to5.png,Layers_3to5,170.0,512.0,.png,03,BOULDER,OFF,ON,Layers_3to5,fish stylized,,
/home/durrmeyer/Images/StyleTransferImages/Layers_3to5/PLANTSxFISH04_colorcontrolON_1vs1e3_TVlossON_1e-3_layers3to5.png,PLANTSxFISH04_colorcontrolON_1vs1e3_TVlossON_1e-3_layers3to5.png,Layers_3to5,170.0,512.0,.png,04,PLANTS,ON,ON,Layers_3to5,fish stylized,,
/home/durrmeyer/Images/StyleTransferImages/Layers_3to5/GRAVELxFISH04_colorcontrolON_1vs1e3_TVlossON_1e-3_layers3to5.png,GRAVELxFISH04_colorcontrolON_1vs1e3_TVlossON_1e-3_layers3to5.png,Layers_3to5,170.0,512.0,.png,04,GRAVEL,ON,ON,Layers_3to5,fish stylized,,
/home/durrmeyer/Images/StyleTransferImages/All_layers/DETRITUSxFISH01_colorcontrolON_1vs1e3_TVlossON_1e-3.png,DETRITUSxFISH01_colorcontrolON_1vs1e3_TVlossON_1e-3.png,All_layers,170.0,512.0,.png,01,DETRITUS,ON,ON,All_layers,fish stylized,,
/home/durrmeyer/Images/StyleTransferImages/All_layers/SANDxFISH02_colorcontrolOFF_1vs1e3_TVlossON_1e-3.png,SANDxFISH02_colorcontrolOFF_1vs1e3_TVlossON_1e-3.png,All_layers,170.0,512.0,.png,02,SAND,OFF,ON,All_layers,fish stylized,,
/home/durrmeyer/Images/StyleTransferImages/All_layers/BOULDERxFISH04_colorcontrolOFF_1vs1e3_TVlossON_1e-3.png,BOULDERxFISH04_colorcontrolOFF_1vs1e3_TVlossON_1e-3.png,All_layers,170.0,512.0,.png,04,BOULDER,OFF,ON,All_layers,fish stylized,,
/home/durrmeyer/Images/StyleTransferImages/All_layers/DETRITUSxFISH01_colorcontrolOFF_1vs1e3_TVlossON_1e-3.png,DETRITUSxFISH01_colorcontrolOFF_1vs1e3_TVlossON_1e-3.png,All_layers,170.0,512.0,.png,01,DETRITUS,OFF,ON,All_layers,fish stylized,,
/home/durrmeyer/Images/StyleTransferImages/All_layers/DETRITUSxFISH02_colorcontrolOFF_1vs1e3_TVlossON_1e-3.png,DETRITUSxFISH02_colorcontrolOFF_1vs1e3_TVlossON_1e-3.png,All_layers,170.0,512.0,.png,02,DETRITUS,OFF,ON,All_layers,fish stylized,,
/home/durrmeyer/Images/StyleTransferImages/All_layers/DETRITUSxFISH10_colorcontrolOFF_1vs1e3_TVlossON_1e-3.png,DETRITUSxFISH10_colorcontrolOFF_1vs1e3_TVlossON_1e-3.png,All_layers,170.0,512.0,.png,10,DETRITUS,OFF,ON,All_layers,fish stylized,,
/home/durrmeyer/Images/StyleTransferImages/All_layers/GRAVELxFISH10_colorcontrolOFF_1vs1e3_TVlossON_1e-3.png,GRAVELxFISH10_colorcontrolOFF_1vs1e3_TVlossON_1e-3.png,All_layers,170.0,512.0,.png,10,GRAVEL,OFF,ON,All_layers,fish stylized,,
/home/durrmeyer/Images/StyleTransferImages/All_layers/PLANTSxFISH04_colorcontrolOFF_1vs1e3_TVlossON_1e-3.png,PLANTSxFISH04_colorcontrolOFF_1vs1e3_TVlossON_1e-3.png,All_layers,170.0,512.0,.png,04,PLANTS,OFF,ON,All_layers,fish stylized,,
/home/durrmeyer/Images/StyleTransferImages/All_layers/GRAVELxFISH10_colorcontrolON_1vs1e3_TVlossON_1e-3.png,GRAVELxFISH10_colorcontrolON_1vs1e3_TVlossON_1e-3.png,All_layers,170.0,512.0,.png,10,GRAVEL,ON,ON,All_layers,fish stylized,,
/home/durrmeyer/Images/StyleTransferImages/All_layers/PLANTSxFISH03_colorcontrolOFF_1vs1e3_TVlossON_1e-3.png,PLANTSxFISH03_colorcontrolOFF_1vs1e3_TVlossON_1e-3.png,All_layers,170.0,512.0,.png,03,PLANTS,OFF,ON,All_layers,fish stylized,,
/home/durrmeyer/Images/StyleTransferImages/All_layers/BOULDERxFISH01_colorcontrolOFF_1vs1e3_TVlossON_1e-3.png,BOULDERxFISH01_colorcontrolOFF_1vs1e3_TVlossON_1e-3.png,All_layers,170.0,512.0,.png,01,BOULDER,OFF,ON,All_layers,fish stylized,,
/home/durrmeyer/Images/StyleTransferImages/All_layers/PLANTSxFISH03_colorcontrolON_1vs1e3_TVlossON_1e-3.png,PLANTSxFISH03_colorcontrolON_1vs1e3_TVlossON_1e-3.png,All_layers,170.0,512.0,.png,03,PLANTS,ON,ON,All_layers,fish stylized,,
/home/durrmeyer/Images/StyleTransferImages/All_layers/GRAVELxFISH03_colorcontrolOFF_1vs1e3_TVlossON_1e-3.png,GRAVELxFISH03_colorcontrolOFF_1vs1e3_TVlossON_1e-3.png,All_layers,170.0,512.0,.png,03,GRAVEL,OFF,ON,All_layers,fish stylized,,
/home/durrmeyer/Images/StyleTransferImages/All_layers/GRAVELxFISH03_colorcontrolON_1vs1e3_TVlossON_1e-3.png,GRAVELxFISH03_colorcontrolON_1vs1e3_TVlossON_1e-3.png,All_layers,170.0,512.0,.png,03,GRAVEL,ON,ON,All_layers,fish stylized,,
/home/durrmeyer/Images/StyleTransferImages/All_layers/DETRITUSxFISH02_colorcontrolON_1vs1e3_TVlossON_1e-3.png,DETRITUSxFISH02_colorcontrolON_1vs1e3_TVlossON_1e-3.png,All_layers,170.0,512.0,.png,02,DETRITUS,ON,ON,All_layers,fish stylized,,
/home/durrmeyer/Images/StyleTransferImages/All_layers/SANDxFISH04_colorcontrolON_1vs1e3_TVlossON_1e-3.png,SANDxFISH04_colorcontrolON_1vs1e3_TVlossON_1e-3.png,All_layers,170.0,512.0,.png,04,SAND,ON,ON,All_layers,fish stylized,,
/home/durrmeyer/Images/StyleTransferImages/All_layers/GRAVELxFISH01_colorcontrolOFF_1vs1e3_TVlossON_1e-3.png,GRAVELxFISH01_colorcontrolOFF_1vs1e3_TVlossON_1e-3.png,All_layers,170.0,512.0,.png,01,GRAVEL,OFF,ON,All_layers,fish stylized,,
/home/durrmeyer/Images/StyleTransferImages/All_layers/SANDxFISH02_colorcontrolON_1vs1e3_TVlossON_1e-3.png,SANDxFISH02_colorcontrolON_1vs1e3_TVlossON_1e-3.png,All_layers,170.0,512.0,.png,02,SAND,ON,ON,All_layers,fish stylized,,
/home/durrmeyer/Images/StyleTransferImages/All_layers/GRAVELxFISH01_colorcontrolON_1vs1e3_TVlossON_1e-3.png,GRAVELxFISH01_colorcontrolON_1vs1e3_TVlossON_1e-3.png,All_layers,170.0,512.0,.png,01,GRAVEL,ON,ON,All_layers,fish stylized,,
/home/durrmeyer/Images/StyleTransferImages/All_layers/BOULDERxSANDxFISH02_colorcontrolON_1vs1e3_TVlossON_1e-3.png,BOULDERxSANDxFISH02_colorcontrolON_1vs1e3_TVlossON_1e-3.png,All_layers,170.0,512.0,.png,02,BOULDERxSAND,ON,ON,All_layers,fish stylized,,
/home/durrmeyer/Images/StyleTransferImages/All_layers/BOULDERxSANDxFISH04_colorcontrolON_1vs1e3_TVlossON_1e-3.png,BOULDERxSANDxFISH04_colorcontrolON_1vs1e3_TVlossON_1e-3.png,All_layers,170.0,512.0,.png,04,BOULDERxSAND,ON,ON,All_layers,fish stylized,,
/home/durrmeyer/Images/StyleTransferImages/All_layers/PLANTSxFISH02_colorcontrolON_1vs1e3_TVlossON_1e-3.png,PLANTSxFISH02_colorcontrolON_1vs1e3_TVlossON_1e-3.png,All_layers,170.0,512.0,.png,02,PLANTS,ON,ON,All_layers,fish stylized,,
/home/durrmeyer/Images/StyleTransferImages/All_layers/BOULDERxFISH02_colorcontrolOFF_1vs1e3_TVlossON_1e-3.png,BOULDERxFISH02_colorcontrolOFF_1vs1e3_TVlossON_1e-3.png,All_layers,170.0,512.0,.png,02,BOULDER,OFF,ON,All_layers,fish stylized,,
/home/durrmeyer/Images/StyleTransferImages/All_layers/PLANTSxFISH10_colorcontrolON_1vs1e3_TVlossON_1e-3.png,PLANTSxFISH10_colorcontrolON_1vs1e3_TVlossON_1e-3.png,All_layers,170.0,512.0,.png,10,PLANTS,ON,ON,All_layers,fish stylized,,
/home/durrmeyer/Images/StyleTransferImages/All_layers/PLANTSxFISH04_colorcontrolON_1vs1e3_TVlossON_1e-3.png,PLANTSxFISH04_colorcontrolON_1vs1e3_TVlossON_1e-3.png,All_layers,170.0,512.0,.png,04,PLANTS,ON,ON,All_layers,fish stylized,,
/home/durrmeyer/Images/StyleTransferImages/All_layers/SANDxFISH01_colorcontrolON_1vs1e3_TVlossON_1e-3.png,SANDxFISH01_colorcontrolON_1vs1e3_TVlossON_1e-3.png,All_layers,170.0,512.0,.png,01,SAND,ON,ON,All_layers,fish stylized,,
/home/durrmeyer/Images/StyleTransferImages/All_layers/BOULDERxFISH03_colorcontrolOFF_1vs1e3_TVlossON_1e-3.png,BOULDERxFISH03_colorcontrolOFF_1vs1e3_TVlossON_1e-3.png,All_layers,170.0,512.0,.png,03,BOULDER,OFF,ON,All_layers,fish stylized,,
/home/durrmeyer/Images/StyleTransferImages/All_layers/SANDxFISH04_colorcontrolOFF_1vs1e3_TVlossON_1e-3.png,SANDxFISH04_colorcontrolOFF_1vs1e3_TVlossON_1e-3.png,All_layers,170.0,512.0,.png,04,SAND,OFF,ON,All_layers,fish stylized,,
/home/durrmeyer/Images/StyleTransferImages/All_layers/BOULDERxFISH10_colorcontrolON_1vs1e3_TVlossON_1e-3.png,BOULDERxFISH10_colorcontrolON_1vs1e3_TVlossON_1e-3.png,All_layers,170.0,512.0,.png,10,BOULDER,ON,ON,All_layers,fish stylized,,
/home/durrmeyer/Images/StyleTransferImages/All_layers/BOULDERxFISH02_colorcontrolON_1vs1e3_TVlossON_1e-3.png,BOULDERxFISH02_colorcontrolON_1vs1e3_TVlossON_1e-3.png,All_layers,170.0,512.0,.png,02,BOULDER,ON,ON,All_layers,fish stylized,,
/home/durrmeyer/Images/StyleTransferImages/All_layers/BOULDERxSANDxFISH10_colorcontrolOFF_1vs1e3_TVlossON_1e-3.png,BOULDERxSANDxFISH10_colorcontrolOFF_1vs1e3_TVlossON_1e-3.png,All_layers,170.0,512.0,.png,10,BOULDERxSAND,OFF,ON,All_layers,fish stylized,,
/home/durrmeyer/Images/StyleTransferImages/All_layers/PLANTSxFISH01_colorcontrolON_1vs1e3_TVlossON_1e-3.png,PLANTSxFISH01_colorcontrolON_1vs1e3_TVlossON_1e-3.png,All_layers,170.0,512.0,.png,01,PLANTS,ON,ON,All_layers,fish stylized,,
/home/durrmeyer/Images/StyleTransferImages/All_layers/SANDxFISH03_colorcontrolOFF_1vs1e3_TVlossON_1e-3.png,SANDxFISH03_colorcontrolOFF_1vs1e3_TVlossON_1e-3.png,All_layers,170.0,512.0,.png,03,SAND,OFF,ON,All_layers,fish stylized,,
/home/durrmeyer/Images/StyleTransferImages/All_layers/PLANTSxFISH02_colorcontrolOFF_1vs1e3_TVlossON_1e-3.png,PLANTSxFISH02_colorcontrolOFF_1vs1e3_TVlossON_1e-3.png,All_layers,170.0,512.0,.png,02,PLANTS,OFF,ON,All_layers,fish stylized,,
/home/durrmeyer/Images/StyleTransferImages/All_layers/SANDxFISH10_colorcontrolOFF_1vs1e3_TVlossON_1e-3.png,SANDxFISH10_colorcontrolOFF_1vs1e3_TVlossON_1e-3.png,All_layers,170.0,512.0,.png,10,SAND,OFF,ON,All_layers,fish stylized,,
/home/durrmeyer/Images/StyleTransferImages/All_layers/BOULDERxFISH10_colorcontrolOFF_1vs1e3_TVlossON_1e-3.png,BOULDERxFISH10_colorcontrolOFF_1vs1e3_TVlossON_1e-3.png,All_layers,170.0,512.0,.png,10,BOULDER,OFF,ON,All_layers,fish stylized,,
/home/durrmeyer/Images/StyleTransferImages/All_layers/SANDxFISH03_colorcontrolON_1vs1e3_TVlossON_1e-3.png,SANDxFISH03_colorcontrolON_1vs1e3_TVlossON_1e-3.png,All_layers,170.0,512.0,.png,03,SAND,ON,ON,All_layers,fish stylized,,
/home/durrmeyer/Images/StyleTransferImages/All_layers/DETRITUSxFISH03_colorcontrolON_1vs1e3_TVlossON_1e-3.png,DETRITUSxFISH03_colorcontrolON_1vs1e3_TVlossON_1e-3.png,All_layers,170.0,512.0,.png,03,DETRITUS,ON,ON,All_layers,fish stylized,,
/home/durrmeyer/Images/StyleTransferImages/All_layers/DETRITUSxFISH03_colorcontrolOFF_1vs1e3_TVlossON_1e-3.png,DETRITUSxFISH03_colorcontrolOFF_1vs1e3_TVlossON_1e-3.png,All_layers,170.0,512.0,.png,03,DETRITUS,OFF,ON,All_layers,fish stylized,,
/home/durrmeyer/Images/StyleTransferImages/All_layers/SANDxFISH01_colorcontrolOFF_1vs1e3_TVlossON_1e-3.png,SANDxFISH01_colorcontrolOFF_1vs1e3_TVlossON_1e-3.png,All_layers,170.0,512.0,.png,01,SAND,OFF,ON,All_layers,fish stylized,,
/home/durrmeyer/Images/StyleTransferImages/All_layers/BOULDERxSANDxFISH04_colorcontrolOFF_1vs1e3_TVlossON_1e-3.png,BOULDERxSANDxFISH04_colorcontrolOFF_1vs1e3_TVlossON_1e-3.png,All_layers,170.0,512.0,.png,04,BOULDERxSAND,OFF,ON,All_layers,fish stylized,,
/home/durrmeyer/Images/StyleTransferImages/All_layers/BOULDERxSANDxFISH03_colorcontrolON_1vs1e3_TVlossON_1e-3.png,BOULDERxSANDxFISH03_colorcontrolON_1vs1e3_TVlossON_1e-3.png,All_layers,170.0,512.0,.png,03,BOULDERxSAND,ON,ON,All_layers,fish stylized,,
/home/durrmeyer/Images/StyleTransferImages/All_layers/BOULDERxFISH01_colorcontrolON_1vs1e3_TVlossON_1e-3.png,BOULDERxFISH01_colorcontrolON_1vs1e3_TVlossON_1e-3.png,All_layers,170.0,512.0,.png,01,BOULDER,ON,ON,All_layers,fish stylized,,
/home/durrmeyer/Images/StyleTransferImages/All_layers/GRAVELxFISH04_colorcontrolON_1vs1e3_TVlossON_1e-3.png,GRAVELxFISH04_colorcontrolON_1vs1e3_TVlossON_1e-3.png,All_layers,170.0,512.0,.png,04,GRAVEL,ON,ON,All_layers,fish stylized,,
/home/durrmeyer/Images/StyleTransferImages/All_layers/BOULDERxFISH03_colorcontrolON_1vs1e3_TVlossON_1e-3.png,BOULDERxFISH03_colorcontrolON_1vs1e3_TVlossON_1e-3.png,All_layers,170.0,512.0,.png,03,BOULDER,ON,ON,All_layers,fish stylized,,
/home/durrmeyer/Images/StyleTransferImages/All_layers/BOULDERxSANDxFISH02_colorcontrolOFF_1vs1e3_TVlossON_1e-3.png,BOULDERxSANDxFISH02_colorcontrolOFF_1vs1e3_TVlossON_1e-3.png,All_layers,170.0,512.0,.png,02,BOULDERxSAND,OFF,ON,All_layers,fish stylized,,
/home/durrmeyer/Images/StyleTransferImages/All_layers/GRAVELxFISH04_colorcontrolOFF_1vs1e3_TVlossON_1e-3.png,GRAVELxFISH04_colorcontrolOFF_1vs1e3_TVlossON_1e-3.png,All_layers,170.0,512.0,.png,04,GRAVEL,OFF,ON,All_layers,fish stylized,,
/home/durrmeyer/Images/StyleTransferImages/All_layers/DETRITUSxFISH10_colorcontrolON_1vs1e3_TVlossON_1e-3.png,DETRITUSxFISH10_colorcontrolON_1vs1e3_TVlossON_1e-3.png,All_layers,170.0,512.0,.png,10,DETRITUS,ON,ON,All_layers,fish stylized,,
/home/durrmeyer/Images/StyleTransferImages/All_layers/DETRITUSxFISH04_colorcontrolOFF_1vs1e3_TVlossON_1e-3.png,DETRITUSxFISH04_colorcontrolOFF_1vs1e3_TVlossON_1e-3.png,All_layers,170.0,512.0,.png,04,DETRITUS,OFF,ON,All_layers,fish stylized,,
/home/durrmeyer/Images/StyleTransferImages/All_layers/BOULDERxFISH04_colorcontrolON_1vs1e3_TVlossON_1e-3.png,BOULDERxFISH04_colorcontrolON_1vs1e3_TVlossON_1e-3.png,All_layers,170.0,512.0,.png,04,BOULDER,ON,ON,All_layers,fish stylized,,
/home/durrmeyer/Images/StyleTransferImages/All_layers/BOULDERxSANDxFISH01_colorcontrolOFF_1vs1e3_TVlossON_1e-3.png,BOULDERxSANDxFISH01_colorcontrolOFF_1vs1e3_TVlossON_1e-3.png,All_layers,170.0,512.0,.png,01,BOULDERxSAND,OFF,ON,All_layers,fish stylized,,
/home/durrmeyer/Images/StyleTransferImages/All_layers/PLANTSxFISH10_colorcontrolOFF_1vs1e3_TVlossON_1e-3.png,PLANTSxFISH10_colorcontrolOFF_1vs1e3_TVlossON_1e-3.png,All_layers,170.0,512.0,.png,10,PLANTS,OFF,ON,All_layers,fish stylized,,
/home/durrmeyer/Images/StyleTransferImages/All_layers/BOULDERxSANDxFISH01_colorcontrolON_1vs1e3_TVlossON_1e-3.png,BOULDERxSANDxFISH01_colorcontrolON_1vs1e3_TVlossON_1e-3.png,All_layers,170.0,512.0,.png,01,BOULDERxSAND,ON,ON,All_layers,fish stylized,,
/home/durrmeyer/Images/StyleTransferImages/All_layers/DETRITUSxFISH04_colorcontrolON_1vs1e3_TVlossON_1e-3.png,DETRITUSxFISH04_colorcontrolON_1vs1e3_TVlossON_1e-3.png,All_layers,170.0,512.0,.png,04,DETRITUS,ON,ON,All_layers,fish stylized,,
/home/durrmeyer/Images/StyleTransferImages/All_layers/GRAVELxFISH02_colorcontrolON_1vs1e3_TVlossON_1e-3.png,GRAVELxFISH02_colorcontrolON_1vs1e3_TVlossON_1e-3.png,All_layers,170.0,512.0,.png,02,GRAVEL,ON,ON,All_layers,fish stylized,,
/home/durrmeyer/Images/StyleTransferImages/All_layers/PLANTSxFISH01_colorcontrolOFF_1vs1e3_TVlossON_1e-3.png,PLANTSxFISH01_colorcontrolOFF_1vs1e3_TVlossON_1e-3.png,All_layers,170.0,512.0,.png,01,PLANTS,OFF,ON,All_layers,fish stylized,,
/home/durrmeyer/Images/StyleTransferImages/All_layers/BOULDERxSANDxFISH03_colorcontrolOFF_1vs1e3_TVlossON_1e-3.png,BOULDERxSANDxFISH03_colorcontrolOFF_1vs1e3_TVlossON_1e-3.png,All_layers,170.0,512.0,.png,03,BOULDERxSAND,OFF,ON,All_layers,fish stylized,,
/home/durrmeyer/Images/StyleTransferImages/All_layers/SANDxFISH10_colorcontrolON_1vs1e3_TVlossON_1e-3.png,SANDxFISH10_colorcontrolON_1vs1e3_TVlossON_1e-3.png,All_layers,170.0,512.0,.png,10,SAND,ON,ON,All_layers,fish stylized,,
/home/durrmeyer/Images/StyleTransferImages/All_layers/GRAVELxFISH02_colorcontrolOFF_1vs1e3_TVlossON_1e-3.png,GRAVELxFISH02_colorcontrolOFF_1vs1e3_TVlossON_1e-3.png,All_layers,170.0,512.0,.png,02,GRAVEL,OFF,ON,All_layers,fish stylized,,
/home/durrmeyer/Images/StyleTransferImages/All_layers/BOULDERxSANDxFISH10_colorcontrolON_1vs1e3_TVlossON_1e-3.png,BOULDERxSANDxFISH10_colorcontrolON_1vs1e3_TVlossON_1e-3.png,All_layers,170.0,512.0,.png,10,BOULDERxSAND,ON,ON,All_layers,fish stylized,,
/home/durrmeyer/Images/StyleTransferImages/FISH_images/FISH09_cropped_3000x1000_CAER_REDR_M09.jpg,FISH09_cropped_3000x1000_CAER_REDR_M09.jpg,FISH_images,1000.0,3000.0,.jpg,09,,,,,original fish,CAER,M
/home/durrmeyer/Images/StyleTransferImages/FISH_images/FISH02_cropped_3000x1000_CAER_REDR_M02.jpg,FISH02_cropped_3000x1000_CAER_REDR_M02.jpg,FISH_images,1000.0,3000.0,.jpg,02,,,,,original fish,CAER,M
/home/durrmeyer/Images/StyleTransferImages/FISH_images/FISH06_cropped_3000x1000_CAER_REDR_M06.jpg,FISH06_cropped_3000x1000_CAER_REDR_M06.jpg,FISH_images,1000.0,3000.0,.jpg,06,,,,,original fish,CAER,M
/home/durrmeyer/Images/StyleTransferImages/FISH_images/FISH07_cropped_3000x1000_CAER_REDR_M07.jpg,FISH07_cropped_3000x1000_CAER_REDR_M07.jpg,FISH_images,1000.0,3000.0,.jpg,07,,,,,original fish,CAER,M
/home/durrmeyer/Images/StyleTransferImages/FISH_images/FISH08_cropped_3000x1000_CAER_REDR_M08.jpg,FISH08_cropped_3000x1000_CAER_REDR_M08.jpg,FISH_images,1000.0,3000.0,.jpg,08,,,,,original fish,CAER,M
/home/durrmeyer/Images/StyleTransferImages/FISH_images/FISH03_cropped_3000x1000_CAER_REDR_M03.jpg,FISH03_cropped_3000x1000_CAER_REDR_M03.jpg,FISH_images,1000.0,3000.0,.jpg,03,,,,,original fish,CAER,M
/home/durrmeyer/Images/StyleTransferImages/FISH_images/FISH10_cropped_3000x1000_CAER_REDR_M10.jpg,FISH10_cropped_3000x1000_CAER_REDR_M10.jpg,FISH_images,1000.0,3000.0,.jpg,10,,,,,original fish,CAER,M
/home/durrmeyer/Images/StyleTransferImages/FISH_images/FISH04_cropped_3000x1000_CAER_REDR_M04.jpg,FISH04_cropped_3000x1000_CAER_REDR_M04.jpg,FISH_images,1000.0,3000.0,.jpg,04,,,,,original fish,CAER,M
/home/durrmeyer/Images/StyleTransferImages/FISH_images/FISH01_cropped_3000x1000_CAER_REDR_M01.jpg,FISH01_cropped_3000x1000_CAER_REDR_M01.jpg,FISH_images,1000.0,3000.0,.jpg,01,,,,,original fish,CAER,M
/home/durrmeyer/Images/StyleTransferImages/HABITAT_images/GRAVELxALGAE_cropped_3000x1000_middle_tt_resized_div1_5_52A5807defWB.jpg,GRAVELxALGAE_cropped_3000x1000_middle_tt_resized_div1_5_52A5807defWB.jpg,HABITAT_images,1000.0,3000.0,.jpg,,GRAVELxALGAE,,,,habitat,,
/home/durrmeyer/Images/StyleTransferImages/HABITAT_images/BOULDER_cropped_3000x1000_middle_tt_resized_div1_5_52A5691defWB.jpg,BOULDER_cropped_3000x1000_middle_tt_resized_div1_5_52A5691defWB.jpg,HABITAT_images,1000.0,3000.0,.jpg,,BOULDER,,,,habitat,,
/home/durrmeyer/Images/StyleTransferImages/HABITAT_images/BOULDERxSAND_Eolmstedi_cropped_3000x1000_middle_tt_resized_div1_5_52A6174defWB.jpg,BOULDERxSAND_Eolmstedi_cropped_3000x1000_middle_tt_resized_div1_5_52A6174defWB.jpg,HABITAT_images,1000.0,3000.0,.jpg,,BOULDERxSAND,,,,habitat,,
/home/durrmeyer/Images/StyleTransferImages/HABITAT_images/GRAVEL_cropped_3000x1000_middle_tt_resized_div1_5_52A5680defWB.jpg,GRAVEL_cropped_3000x1000_middle_tt_resized_div1_5_52A5680defWB.jpg,HABITAT_images,1000.0,3000.0,.jpg,,GRAVEL,,,,habitat,,
/home/durrmeyer/Images/StyleTransferImages/HABITAT_images/GRAVELxFLOOR_cropped_3000x1000_middle_tt_resized_div1_5_52A5809defWB.jpg,GRAVELxFLOOR_cropped_3000x1000_middle_tt_resized_div1_5_52A5809defWB.jpg,HABITAT_images,1000.0,3000.0,.jpg,,GRAVELxFLOOR,,,,habitat,,
/home/durrmeyer/Images/StyleTransferImages/HABITAT_images/PLANTS_cropped_3000x1000_middle_tt_resized_div1_5_52A5711defWB.jpg,PLANTS_cropped_3000x1000_middle_tt_resized_div1_5_52A5711defWB.jpg,HABITAT_images,1000.0,3000.0,.jpg,,PLANTS,,,,habitat,,
/home/durrmeyer/Images/StyleTransferImages/HABITAT_images/DETRITUS_cropped_3000x1000_middle_tt_resized_div1_5_52A7724defWB.jpg,DETRITUS_cropped_3000x1000_middle_tt_resized_div1_5_52A7724defWB.jpg,HABITAT_images,1000.0,3000.0,.jpg,,DETRITUS,,,,habitat,,
/home/durrmeyer/Images/StyleTransferImages/HABITAT_images/SAND_Eolmstedi_cropped_3000x1000_middle_tt_resized_div1_5_52A6208defWB.jpg,SAND_Eolmstedi_cropped_3000x1000_middle_tt_resized_div1_5_52A6208defWB.jpg,HABITAT_images,1000.0,3000.0,.jpg,,SAND,,,,habitat,,
